Name|Previous Close|Open|Bid|Ask|Day's Range|52 Week Range|Volume|Avg. Volume|Market Cap (intraday)|Beta (5Y Monthly)|PE Ratio (TTM)|EPS (TTM)|Earnings Date|Forward Dividend & Yield|Ex-Dividend Date|1y Target Est
AAPL|203.19 |193.93 |188.25 x 400|188.88 x 400|187.35 - 199.88 |164.08 - 260.10 |124,921,508 |54,566,537 |2.83T |1.26|29.95 |6.29 |Apr 30, 2025 - May 5, 2025|1.00 (0.53%)|Feb 10, 2025|250.40 
MSFT|373.11 |364.12 |345.94 x 100|382.61 x 100|359.49 - 374.59 |359.48 - 468.35 |48,685,644 |23,683,187 |2.675T |1.00|29.00 |12.41 |Apr 23, 2025 - Apr 28, 2025|3.32 (0.92%)|May 15, 2025|503.86 
NVDA|101.80 |98.94 |94.33 x 100|94.49 x 100|92.11 - 100.12 |75.61 - 153.13 |525,608,136 |286,579,288 |2.301T |1.96|32.08 |2.94 |May 28, 2025|0.04 (0.04%)|Mar 12, 2025|170.01 
AMZN|178.41 |167.15 |165.05 x 100|171.15 x 100|166.00 - 178.14 |151.61 - 242.52 |118,861,656 |42,821,675 |1.812T |1.39|30.98 |5.52 |Apr 28, 2025 - May 2, 2025|--|--|263.61 
META|586.00 |574.60 |556.69 x 100|614.57 x 100|573.36 - 592.66 |414.50 - 740.91 |12,251,978 |16,363,098 |1.479T |1.23|24.48 |23.85 |Apr 22, 2025 - Apr 28, 2025|2.10 (0.36%)|Mar 14, 2025|765.07 
BRK.B
GOOGL|150.72 |148.18 |140.60 x 100|145.71 x 200|145.38 - 151.05 |145.38 - 207.05 |62,058,272 |32,059,262 |1.787T |1.03|18.11 |8.04 |Apr 23, 2025 - Apr 28, 2025|0.80 (0.55%)|Mar 10, 2025|215.92 
TSLA|267.28 |255.37 |235.00 x 200|253.67 x 100|236.00 - 261.00 |138.80 - 488.54 |179,251,800 |101,326,645 |770.131B |2.58|117.37 |2.04 |Apr 22, 2025|--|--|323.87 
AVGO|154.01 |148.23 |141.17 x 100|153.18 x 100|139.17 - 152.80 |119.76 - 251.88 |71,907,529 |31,383,314 |687.848B |1.07|67.41 |2.17 |Jun 10, 2025 - Jun 16, 2025|2.36 (1.61%)|Mar 20, 2025|249.03 
GOOG|152.63 |149.90 |142.41 x 100|157.79 x 100|147.55 - 153.09 |147.54 - 208.70 |39,449,871 |20,530,166 |1.787T |1.03|18.38 |8.04 |Apr 23, 2025 - Apr 28, 2025|0.80 (0.54%)|Mar 10, 2025|215.18 
JPM|227.29 |215.30 |209.45 x 800|214.34 x 800|208.93 - 217.70 |179.20 - 280.25 |27,136,867 |10,856,235 |587.966B |1.00|10.65 |19.75 |Apr 11, 2025|5.60 (2.66%)|Apr 4, 2025|263.60 
LLY|818.22 |810.51 |789.00 x 1100|790.77 x 1000|787.06 - 818.79 |711.40 - 972.53 |2,252,648 |3,693,496 |708.594B |0.50|67.44 |11.70 |May 1, 2025|6.00 (0.73%)|Feb 14, 2025|1,010.47 
V|339.39 |330.00 |311.00 x 1200|316.00 x 1300|312.13 - 334.58 |252.70 - 366.54 |13,192,106 |6,834,269 |604.031B |0.94|31.53 |9.93 |Apr 21, 2025 - Apr 25, 2025|2.36 (0.75%)|Feb 11, 2025|377.09 
UNH|540.44 |540.64 |532.50 x 800|523.50 x 800|524.87 - 551.74 |436.38 - 630.73 |9,907,516 |4,878,845 |480.27B |0.62|33.90 |15.49 |Apr 17, 2025|8.40 (1.60%)|Mar 10, 2025|628.30 
XOM|112.43 |109.86 |104.11 x 1100|105.45 x 800|103.84 - 110.83 |103.67 - 126.34 |30,821,496 |16,425,677 |452.746B |0.58|13.31 |7.84 |Apr 3, 2025|3.96 (3.80%)|Feb 12, 2025|128.71 
MA|530.55 |519.62 |482.98 x 900|489.85 x 800|488.29 - 520.88 |428.86 - 582.23 |6,060,804 |2,862,238 |446.527B |1.06|35.21 |13.91 |Apr 29, 2025 - May 5, 2025|3.04 (0.62%)|Apr 9, 2025|618.24 
COST|967.08 |955.00 |915.40 x 100|917.83 x 100|914.50 - 964.52 |702.00 - 1,078.23 |5,157,203 |2,246,679 |406.627B |0.94|53.47 |17.14 |May 29, 2025|4.64 (0.51%)|Feb 7, 2025|1,063.16 
PG|172.39 |171.76 |163.90 x 800|165.00 x 800|163.47 - 173.55 |153.52 - 180.43 |10,881,836 |7,964,054 |383.969B |0.42|26.03 |6.29 |Apr 24, 2025|4.03 (2.46%)|Jan 24, 2025|178.66 
NFLX|917.05 |896.50 |854.61 x 100|857.47 x 100|853.87 - 906.63 |542.01 - 1,064.50 |6,760,001 |4,673,456 |366.1B |1.55|43.09 |19.86 |Apr 17, 2025|--|--|1,073.96 
JNJ|159.82 |159.15 |153.53 x 1000|154.00 x 1100|152.93 - 159.80 |140.68 - 169.99 |11,771,984 |9,696,485 |369.285B |0.48|26.47 |5.79 |Apr 15, 2025|4.96 (3.24%)|Feb 18, 2025|169.07 
WMT|89.76 |86.28 |86.90 x 500|87.07 x 100|86.28 - 89.88 |58.56 - 105.30 |29,681,830 |20,679,430 |699.55B |0.69|36.21 |2.41 |May 15, 2025|0.94 (1.05%)|May 9, 2025|108.11 
ABBV|205.19 |210.30 |202.75 x 1000|201.81 x 800|201.46 - 210.69 |153.58 - 218.66 |7,584,358 |6,570,413 |356.697B |0.54|84.72 |2.38 |Apr 25, 2025|6.56 (3.20%)|Apr 15, 2025|211.73 
HD|355.91 |350.71 |353.40 x 800|354.00 x 800|349.04 - 365.44 |323.77 - 439.37 |6,476,980 |3,664,051 |351.788B |1.09|23.75 |14.90 |May 20, 2025|9.20 (2.60%)|Mar 13, 2025|429.33 
KO|73.18 |72.42 |69.80 x 900|69.90 x 900|69.79 - 73.01 |57.93 - 73.95 |26,495,980 |18,555,279 |300.949B |0.45|28.43 |2.46 |Apr 29, 2025|2.04 (2.92%)|Mar 14, 2025|75.08 
CVX|166.47 |160.12 |155.57 x 800|157.11 x 900|155.80 - 161.35 |135.37 - 168.96 |12,873,294 |8,079,298 |274.865B |0.91|16.06 |9.72 |May 2, 2025|6.84 (4.11%)|Feb 14, 2025|176.89 
PM|156.17 |159.44 |159.90 x 900|161.76 x 900|158.25 - 163.08 |87.82 - 163.08 |9,085,030 |6,194,200 |252.26B |0.49|26.97 |6.01 |Apr 23, 2025|5.40 (3.33%)|Mar 20, 2025|151.66 
BAC|37.22 |35.29 |34.15 x 1400|34.30 x 2200|33.67 - 35.79 |33.67 - 48.08 |95,717,260 |41,195,169 |261.46B |1.25|10.71 |3.21 |Apr 15, 2025|1.04 (3.02%)|Mar 7, 2025|50.79 
CRM|271.54 |260.14 |254.50 x 800|255.70 x 900|254.46 - 262.57 |212.00 - 369.00 |6,812,972 |6,901,316 |245.276B |1.38|40.19 |6.35 |May 27, 2025 - Jun 2, 2025|1.66 (0.61%)|Apr 10, 2025|373.74 
ABT|131.93 |131.91 |131.92 x 1200|131.91 x 900|131.60 - 133.64 |99.71 - 141.23 |5,036,861 |6,933,125 |228.289B |0.80|17.23 |7.64 |Apr 16, 2025|2.36 (1.79%)|Apr 15, 2025|136.68 
CSCO|61.41 |59.27 |57.20 x 900|57.36 x 600|57.26 - 59.92 |44.50 - 66.50 |39,980,214 |21,290,233 |227.996B |0.85|25.14 |2.28 |May 13, 2025 - May 19, 2025|1.64 (2.65%)|Apr 3, 2025|70.37 
MCD|311.58 |311.38 |317.51 x 800|318.12 x 800|311.30 - 319.71 |243.53 - 326.32 |6,289,402 |3,440,100 |227.391B |0.62|27.92 |11.40 |Apr 28, 2025 - May 2, 2025|7.08 (2.27%)|Mar 3, 2025|328.14 
IBM|249.98 |242.71 |243.15 x 1300|243.17 x 900|242.53 - 250.61 |162.62 - 266.45 |4,296,589 |4,823,446 |225.78B |0.66|37.93 |6.42 |Apr 23, 2025|6.68 (2.67%)|Feb 10, 2025|254.25 
ORCL|137.23 |132.91 |127.00 x 900|129.00 x 800|126.95 - 133.82 |112.78 - 198.31 |13,204,363 |12,209,279 |359.699B |1.22|30.11 |4.26 |Jun 9, 2025 - Jun 13, 2025|2.00 (1.56%)|Apr 10, 2025|184.91 
LIN|469.74 |466.56 |442.06 x 100|492.92 x 100|464.99 - 472.01 |410.69 - 487.49 |2,443,010 |2,345,913 |220.954B |0.95|34.30 |13.62 |May 1, 2025|6.00 (1.28%)|Mar 13, 2025|496.05 
MRK|86.39 |86.12 |81.00 x 800|82.00 x 1100|81.09 - 86.26 |81.04 - 134.63 |17,679,807 |16,304,262 |205.796B |0.42|12.09 |6.74 |Apr 24, 2025|3.24 (3.98%)|Mar 17, 2025|112.07 
WFC|65.67 |62.75 |61.18 x 1100|61.21 x 1000|59.71 - 63.57 |50.15 - 81.50 |17,757,974 |16,241,772 |197.901B |1.01|11.29 |5.37 |Apr 11, 2025|1.60 (2.44%)|Feb 7, 2025|82.12 
PEP|149.12 |152.29 |151.21 x 300|151.52 x 200|150.89 - 154.05 |141.51 - 183.41 |8,210,634 |7,278,370 |207.575B |0.50|21.78 |6.95 |Apr 24, 2025|5.42 (3.63%)|Mar 7, 2025|162.96 
T|28.60 |28.00 |26.50 x 3000|26.56 x 1100|26.53 - 28.43 |15.94 - 29.03 |61,244,698 |43,055,495 |191.227B |0.59|17.88 |1.49 |Apr 23, 2025|1.11 (4.17%)|Apr 10, 2025|27.64 
GE|187.63 |179.68 |167.25 x 800|167.81 x 1000|165.42 - 183.16 |146.78 - 214.21 |16,859,743 |5,554,227 |177.916B |1.05|27.39 |6.09 |Apr 22, 2025|1.44 (0.86%)|Mar 10, 2025|227.46 
VZ|44.74 |45.49 |45.63 x 1000|45.58 x 800|45.20 - 46.19 |37.59 - 47.36 |25,490,632 |25,104,415 |192.047B |0.40|11.02 |4.14 |Apr 22, 2025|2.71 (6.06%)|Apr 10, 2025|47.58 
ACN|301.46 |296.80 |288.97 x 1000|289.12 x 1000|284.60 - 299.05 |278.69 - 398.35 |3,846,721 |3,377,425 |178.58B |1.32|23.48 |12.14 |Jun 20, 2025|5.92 (2.08%)|Apr 10, 2025|363.79 
TMO|470.03 |461.49 |441.74 x 800|448.30 x 1000|437.24 - 464.11 |437.22 - 627.88 |3,816,606 |1,991,200 |165.206B |0.87|26.52 |16.51 |Apr 23, 2025|1.72 (0.39%)|Mar 14, 2025|657.51 
ISRG|494.61 |477.98 |451.02 x 100|452.90 x 100|451.02 - 480.56 |364.17 - 616.00 |4,103,447 |2,116,017 |161.79B |1.56|70.45 |6.41 |Apr 22, 2025|--|--|622.28 
RTX|133.15 |131.00 |132.11 x 200|132.18 x 100|130.56 - 133.71 |97.90 - 136.17 |2,253,244 |5,082,863 |176.118B |0.26|37.05 |3.56 |Apr 22, 2025|2.52 (1.89%)|Feb 21, 2025|143.33 
PLTR|90.09 |89.22 |85.63 x 500|86.03 x 500|84.10 - 89.37 |20.33 - 125.41 |90,380,791 |97,584,558 |201.349B |2.81|451.84 |0.19 |May 5, 2025 - May 9, 2025|--|--|86.61 
PGR|281.13 |278.31 |287.87 x 900|288.12 x 900|277.25 - 289.88 |201.34 - 292.99 |3,084,824 |2,994,243 |168.25B |0.38|19.93 |14.40 |May 5, 2025 - May 9, 2025|4.90 (1.74%)|Apr 3, 2025|290.82 
INTU|598.53 |588.10 |534.85 x 100|593.96 x 100|560.94 - 594.21 |553.24 - 714.78 |3,333,063 |1,926,503 |156.982B |1.26|52.63 |10.67 |May 21, 2025 - May 26, 2025|4.16 (0.74%)|Apr 10, 2025|703.51 
AMGN|309.85 |312.11 |281.87 x 100|311.91 x 100|293.72 - 312.11 |253.30 - 346.85 |5,252,646 |3,169,012 |158.148B |0.58|38.89 |7.57 |May 1, 2025|9.52 (3.23%)|May 16, 2025|316.10 
DIS|88.84 |86.00 |83.45 x 1200|83.40 x 800|83.08 - 87.54 |83.08 - 118.63 |20,110,781 |9,385,677 |151.005B |1.44|27.12 |3.08 |May 7, 2025|1.00 (1.20%)|Jun 24, 2025|125.89 
ADBE|367.25 |359.00 |332.37 x 100|372.90 x 100|348.80 - 361.73 |348.80 - 587.75 |5,835,838 |3,863,095 |148.774B |1.49|23.04 |15.15 |Jun 12, 2025|--|Mar 24, 2005|519.37 
NOW|824.03 |782.75 |763.50 x 1100|773.99 x 1100|757.25 - 787.53 |637.99 - 1,198.09 |1,666,610 |1,850,928 |159.835B |1.08|113.17 |6.84 |Apr 23, 2025|--|--|1,123.54 
GS|511.23 |487.00 |470.03 x 1000|470.81 x 1200|460.00 - 492.00 |387.12 - 672.19 |8,095,921 |2,874,043 |146.323B |1.32|11.61 |40.54 |Apr 14, 2025|12.00 (2.55%)|Feb 28, 2025|631.68 
QCOM|139.42 |134.16 |121.72 x 100|133.34 x 100|126.68 - 135.86 |126.68 - 230.63 |18,964,114 |8,088,874 |140.971B |1.29|13.75 |9.27 |Apr 30, 2025|3.40 (2.67%)|Mar 6, 2025|197.93 
SPGI|489.38 |477.27 |450.00 x 800|457.00 x 800|450.72 - 478.67 |407.69 - 545.39 |1,961,327 |1,392,675 |138.467B |1.26|36.50 |12.37 |Apr 29, 2025|3.84 (0.85%)|Feb 26, 2025|606.43 
AMD|93.80 |90.08 |83.00 x 100|91.14 x 100|83.69 - 91.08 |83.67 - 187.28 |65,393,510 |38,523,051 |139.328B |1.88|85.76 |1.00 |Apr 28, 2025 - May 2, 2025|--|Apr 27, 1995|146.53 
TXN|164.20 |159.95 |151.13 x 200|151.67 x 200|150.96 - 161.07 |150.96 - 220.39 |14,072,428 |6,635,524 |137.752B |0.98|29.06 |5.21 |Apr 23, 2025|5.44 (3.31%)|Jan 31, 2025|204.70 
NEE|70.48 |71.67 |71.97 x 800|72.00 x 1200|71.37 - 72.96 |61.31 - 86.10 |13,650,301 |11,845,215 |148.506B |0.58|21.41 |3.37 |Apr 21, 2025 - Apr 25, 2025|2.27 (3.22%)|Feb 28, 2025|84.51 
BKNG|4,450.53 |4,322.22 |4,380.20 x 100|4,390.00 x 100|4,284.02 - 4,509.87 |3,180.00 - 5,337.24 |496,241 |290,833 |140.581B |1.37|24.81 |172.65 |Apr 29, 2025|38.40 (0.90%)|Mar 7, 2025|5,628.11 
CAT|305.76 |285.00 |287.00 x 900|287.74 x 900|281.50 - 294.29 |281.50 - 418.50 |6,608,167 |2,639,506 |137.683B |1.20|13.07 |22.04 |Apr 23, 2025 - Apr 28, 2025|5.64 (1.96%)|Jan 21, 2025|386.82 
UBER|74.50 |71.72 |69.75 x 1000|69.85 x 1200|69.77 - 72.44 |54.84 - 87.00 |23,245,676 |23,635,341 |146.075B |1.37|15.32 |4.56 |May 6, 2025 - May 12, 2025|--|--|89.26 
BSX|98.50 |94.73 |90.08 x 900|91.00 x 1100|89.65 - 95.88 |66.80 - 107.17 |22,376,047 |7,602,159 |132.673B |0.73|71.76 |1.25 |Apr 23, 2025|--|--|115.46 
TJX|125.43 |125.37 |120.00 x 1400|123.20 x 1200|121.80 - 128.33 |92.35 - 128.33 |12,958,622 |5,148,453 |136.465B |0.87|28.68 |4.26 |May 21, 2025|1.70 (1.39%)|May 15, 2025|135.15 
GILD|112.39 |110.53 |102.38 x 100|113.58 x 100|107.11 - 112.87 |62.07 - 119.96 |12,849,194 |8,853,545 |133.701B |0.34|282.24 |0.38 |Apr 24, 2025|3.16 (2.95%)|Mar 14, 2025|111.67 
PFE|24.29 |23.94 |22.92 x 3200|23.00 x 2900|22.95 - 24.06 |22.95 - 31.54 |70,464,566 |46,492,272 |130.273B |0.60|16.29 |1.41 |Apr 29, 2025|1.72 (7.49%)|Jan 24, 2025|31.26 
AXP|275.25 |260.20 |247.07 x 800|247.78 x 1000|247.18 - 260.98 |214.51 - 326.27 |7,731,814 |2,864,590 |173.749B |1.16|17.69 |14.01 |Apr 17, 2025|3.28 (1.19%)|Apr 4, 2025|312.04 
UNP|238.46 |231.35 |223.82 x 1100|223.42 x 1400|223.10 - 232.98 |218.55 - 258.07 |5,459,764 |2,691,863 |134.229B |1.06|20.20 |11.09 |Apr 24, 2025|5.36 (2.25%)|Feb 28, 2025|260.77 
CMCSA|35.72 |34.93 |33.33 x 1900|33.40 x 700|33.34 - 35.35 |32.50 - 45.31 |37,310,231 |27,482,820 |126.21B |0.94|8.06 |4.14 |Apr 24, 2025|1.32 (3.95%)|Apr 2, 2025|43.04 
HON|206.68 |203.25 |184.09 x 100|203.09 x 100|190.71 - 204.62 |189.75 - 242.77 |8,361,041 |4,459,569 |124.128B |1.00|21.93 |8.71 |Apr 29, 2025|4.52 (2.37%)|Feb 28, 2025|237.62 
MS|107.93 |101.54 |98.00 x 800|99.57 x 1800|97.31 - 103.43 |85.01 - 142.03 |16,822,748 |7,642,164 |161.012B |1.29|12.56 |7.95 |Apr 11, 2025|3.70 (3.71%)|Jan 31, 2025|131.24 
BLK|887.65 |852.88 |820.00 x 1300|834.00 x 1200|811.16 - 860.52 |745.55 - 1,084.22 |1,613,683 |918,606 |127.714B |1.39|19.57 |42.04 |Apr 11, 2025|20.84 (2.53%)|Mar 7, 2025|1,146.73 
TMUS|267.89 |267.91 |237.88 x 100|262.00 x 100|247.37 - 269.65 |159.14 - 276.49 |7,640,882 |4,071,319 |283.277B |0.63|25.71 |9.65 |Apr 24, 2025|3.52 (1.42%)|May 30, 2025|259.20 
SCHW|74.87 |72.01 |68.85 x 1000|69.30 x 1000|68.59 - 72.88 |61.01 - 84.50 |19,285,443 |11,875,741 |125.407B |0.90|23.10 |2.99 |Apr 17, 2025|1.08 (1.56%)|Feb 14, 2025|90.50 
DHR|197.90 |195.46 |180.00 x 1000|187.23 x 1200|181.20 - 195.46 |181.20 - 281.70 |7,117,060 |4,440,814 |130.047B |0.89|34.36 |5.29 |Apr 22, 2025|1.28 (0.70%)|Mar 28, 2025|264.48 
SYK|368.15 |361.08 |330.60 x 1000|370.00 x 800|344.81 - 362.07 |314.93 - 406.19 |3,956,704 |1,553,491 |131.988B |0.94|44.62 |7.75 |Apr 28, 2025 - May 2, 2025|3.36 (0.97%)|Mar 31, 2025|423.40 
LOW|222.52 |220.65 |220.26 x 1400|224.93 x 1100|219.04 - 229.83 |211.80 - 287.01 |4,828,953 |2,603,248 |124.977B |1.06|18.24 |12.24 |May 21, 2025 - May 25, 2025|4.60 (2.06%)|Apr 23, 2025|279.81 
VRTX|483.49 |480.01 |466.05 x 100|512.09 x 100|480.01 - 494.48 |377.85 - 519.88 |2,063,650 |1,468,166 |124.289B |0.51|-- |-2.08 |May 5, 2025 - May 9, 2025|--|--|497.84 
ADP|305.39 |305.58 |285.90 x 200|287.01 x 200|285.90 - 306.00 |231.27 - 322.84 |3,769,195 |1,847,683 |116.418B |0.75|29.84 |9.59 |Apr 30, 2025|6.16 (2.15%)|Mar 14, 2025|309.94 
FI|216.90 |209.40 |191.00 x 800|198.56 x 800|198.51 - 211.01 |145.98 - 238.59 |4,943,523 |3,136,075 |110.933B |0.92|36.91 |5.38 |Apr 21, 2025 - Apr 25, 2025|--|--|254.86 
COP|95.25 |92.10 |86.00 x 1100|86.69 x 900|85.55 - 92.65 |85.55 - 135.18 |15,144,795 |8,641,112 |109.085B |0.84|11.05 |7.81 |May 8, 2025|3.12 (3.62%)|Feb 14, 2025|128.00 
MMC|242.82 |242.33 |244.83 x 900|250.97 x 800|241.21 - 246.53 |196.17 - 246.53 |2,116,928 |2,100,201 |120.401B |0.85|29.83 |8.19 |Apr 17, 2025|3.26 (1.34%)|Apr 3, 2025|235.65 
C|63.05 |60.25 |58.05 x 900|58.18 x 1400|56.31 - 60.40 |53.51 - 84.74 |51,207,209 |16,888,029 |109.41B |1.28|9.77 |5.95 |Apr 15, 2025|2.24 (3.85%)|May 5, 2025|88.66 
BMY|59.60 |60.60 |57.72 x 200|57.82 x 200|57.69 - 60.80 |39.35 - 63.33 |10,951,941 |11,671,071 |117.65B |0.41|-- |-4.41 |Apr 24, 2025|2.48 (4.16%)|Apr 4, 2025|61.24 
DE|470.90 |456.55 |445.00 x 1300|450.63 x 1000|446.95 - 463.69 |340.20 - 515.05 |2,076,751 |1,449,010 |121.444B |1.01|19.80 |22.60 |May 14, 2025 - May 19, 2025|6.48 (1.38%)|Mar 31, 2025|492.61 
BA|173.31 |170.65 |168.72 x 800|170.50 x 800|166.79 - 172.21 |137.03 - 196.95 |7,445,382 |8,083,521 |130.4B |1.53|-- |-18.37 |Apr 22, 2025 - Apr 28, 2025|--|Feb 13, 2020|194.09 
CB|302.46 |297.22 |276.51 x 800|295.66 x 900|279.56 - 299.27 |238.85 - 306.91 |3,195,124 |1,852,091 |112.464B |0.48|12.36 |22.71 |Apr 22, 2025|3.64 (1.30%)|Mar 14, 2025|302.20 
MDT|88.86 |88.60 |88.24 x 1300|88.70 x 800|87.69 - 89.54 |75.96 - 96.25 |5,961,431 |7,771,658 |112.722B |0.81|26.80 |3.28 |May 21, 2025|2.80 (3.15%)|Mar 28, 2025|97.09 
AMAT|147.75 |140.83 |135.35 x 900|142.53 x 100|135.40 - 141.82 |135.40 - 255.89 |11,770,682 |6,880,228 |110.094B |1.60|17.71 |7.65 |May 14, 2025 - May 19, 2025|1.84 (1.25%)|May 22, 2025|206.32 
PANW|173.18 |165.43 |165.09 x 200|174.62 x 100|163.21 - 168.69 |132.50 - 208.39 |7,349,770 |5,658,190 |109.359B |1.07|93.32 |1.77 |May 19, 2025 - May 23, 2025|--|--|213.45 
AMT|228.19 |233.15 |223.46 x 1100|222.00 x 900|220.03 - 233.80 |170.46 - 243.56 |9,876,287 |2,714,008 |103.066B |0.88|31.86 |6.91 |Apr 29, 2025|6.80 (3.09%)|Apr 11, 2025|235.05 
ELV|452.69 |450.29 |429.38 x 900|458.25 x 900|428.47 - 458.73 |362.21 - 567.26 |4,179,434 |1,705,198 |97.095B |0.78|16.69 |25.69 |Apr 22, 2025|6.84 (1.59%)|Mar 10, 2025|498.18 
ETN|260.85 |249.46 |242.00 x 800|245.99 x 900|236.58 - 251.99 |236.58 - 379.99 |5,286,696 |3,811,229 |96.579B |1.08|25.98 |9.49 |Apr 28, 2025 - May 2, 2025|4.16 (1.69%)|Mar 10, 2025|352.73 
SO|92.56 |93.21 |89.68 x 800|91.40 x 1000|88.54 - 93.65 |67.53 - 94.45 |8,268,282 |5,221,208 |97.549B |0.37|22.29 |3.99 |May 1, 2025|2.88 (3.24%)|Feb 18, 2025|91.11 
SBUX|88.26 |84.59 |78.61 x 100|85.70 x 100|81.30 - 85.40 |71.55 - 117.46 |19,637,324 |10,188,387 |93.26B |1.00|26.48 |3.10 |Apr 28, 2025 - May 2, 2025|2.44 (2.97%)|May 16, 2025|107.17 
MO|57.89 |57.65 |56.12 x 800|56.40 x 1000|55.81 - 58.83 |40.65 - 60.18 |14,098,278 |9,683,748 |94.553B |0.58|8.57 |6.54 |Apr 29, 2025|4.08 (7.28%)|Mar 25, 2025|56.92 
BX|133.10 |128.10 |123.99 x 800|126.89 x 900|119.22 - 128.93 |115.82 - 200.96 |12,253,016 |4,250,293 |152.381B |1.60|34.45 |3.63 |Apr 17, 2025|3.95 (3.16%)|Feb 10, 2025|181.40 
INTC|22.71 |22.55 |21.17 x 300|22.80 x 100|21.66 - 22.60 |18.51 - 44.08 |48,537,075 |99,794,523 |95.12B |1.02|-- |-4.38 |Apr 23, 2025 - Apr 28, 2025|0.50 (2.24%)|Aug 7, 2024|22.90 
CME|262.54 |265.14 |257.51 x 100|284.71 x 100|263.48 - 271.22 |190.70 - 271.22 |4,240,464 |2,181,085 |96.712B |0.45|27.78 |9.66 |Apr 23, 2025|10.80 (4.11%)|Mar 7, 2025|260.24 
DUK|124.05 |125.00 |118.75 x 800|119.78 x 800|117.86 - 125.25 |92.75 - 125.27 |7,047,508 |3,963,053 |92.411B |0.37|20.86 |5.70 |May 5, 2025 - May 9, 2025|4.18 (3.37%)|Feb 14, 2025|123.77 
ICE|167.56 |165.40 |156.73 x 800|166.84 x 800|156.60 - 166.51 |124.34 - 177.45 |5,320,818 |3,382,106 |90.047B |1.10|32.79 |4.78 |Apr 30, 2025 - May 5, 2025|1.92 (1.22%)|Jun 13, 2025|189.19 
LMT|454.78 |450.00 |434.00 x 2900|436.56 x 1200|432.15 - 454.92 |419.70 - 618.95 |2,092,083 |1,688,912 |101.371B |0.39|19.38 |22.30 |Apr 22, 2025|13.20 (3.05%)|Mar 3, 2025|523.76 
PLD|101.59 |99.35 |96.00 x 900|99.60 x 1200|95.34 - 100.31 |95.34 - 132.57 |12,661,103 |4,138,617 |91.057B |1.22|24.50 |4.01 |Apr 16, 2025|4.04 (4.11%)|Mar 18, 2025|129.70 
WELL|153.08 |153.26 |148.67 x 800|154.90 x 1200|151.88 - 157.35 |87.87 - 158.55 |4,043,973 |3,072,822 |98.838B |0.92|94.68 |1.61 |Apr 28, 2025|2.68 (1.75%)|Feb 25, 2025|165.16 
CI|331.92 |331.80 |323.00 x 800|343.00 x 800|331.00 - 342.55 |262.03 - 370.83 |1,934,897 |1,799,173 |91.757B |0.52|27.92 |12.12 |Apr 30, 2025 - May 5, 2025|6.04 (1.82%)|Mar 5, 2025|362.55 
MCK|716.93 |712.59 |652.53 x 800|688.65 x 900|680.55 - 728.32 |464.42 - 728.32 |3,081,849 |899,758 |85.611B |0.49|31.35 |21.79 |May 8, 2025|2.84 (0.42%)|Mar 3, 2025|682.85 
ADI|199.59 |191.82 |180.60 x 200|193.07 x 100|180.40 - 193.20 |180.40 - 247.10 |6,873,060 |3,776,125 |89.712B |1.06|57.79 |3.13 |May 20, 2025 - May 26, 2025|3.96 (1.98%)|Mar 4, 2025|260.58 
MDLZ|67.90 |68.40 |66.28 x 1000|66.49 x 900|65.96 - 69.12 |53.95 - 76.06 |13,775,383 |10,998,948 |85.774B |0.48|19.39 |3.42 |Apr 28, 2025 - May 2, 2025|1.88 (2.84%)|Mar 31, 2025|68.75 
AJG|344.40 |341.59 |314.69 x 1000|327.34 x 800|316.63 - 344.88 |230.08 - 350.70 |2,901,858 |1,638,124 |81.643B |0.65|49.04 |6.51 |Apr 23, 2025 - Apr 28, 2025|2.60 (0.81%)|Mar 7, 2025|329.47 
WM|236.83 |235.08 |219.11 x 1100|225.28 x 900|225.09 - 236.46 |196.59 - 239.32 |4,087,682 |1,709,983 |90.605B |0.67|33.12 |6.80 |Apr 28, 2025|3.30 (1.47%)|Mar 14, 2025|235.52 
CRWD|371.49 |350.94 |346.75 x 100|348.19 x 300|342.70 - 360.91 |200.81 - 455.59 |4,291,980 |4,068,328 |86.109B |1.28|-- |-0.07 |Jun 2, 2025 - Jun 6, 2025|--|--|409.86 
AON|394.29 |389.43 |379.28 x 900|383.98 x 800|373.81 - 395.73 |268.06 - 412.97 |2,392,030 |1,196,129 |81.165B |0.82|30.11 |12.48 |Apr 24, 2025 - Apr 28, 2025|2.70 (0.72%)|Feb 3, 2025|403.80 
CVS|68.07 |65.97 |67.47 x 1400|68.10 x 900|65.59 - 69.17 |43.56 - 75.27 |12,200,121 |10,951,873 |85.117B |0.57|18.45 |3.66 |May 1, 2025|2.66 (3.91%)|Apr 22, 2025|72.26 
LRCX|65.22 |62.30 |58.97 x 1100|62.34 x 100|57.97 - 63.07 |57.97 - 113.00 |26,222,988 |12,816,270 |75.851B |1.53|17.96 |3.29 |Apr 23, 2025|0.92 (1.56%)|Mar 5, 2025|95.58 
ORLY|1,441.89 |1,442.52 |1,408.13 x 100|1,401.79 x 100|1,389.56 - 1,453.58 |947.49 - 1,458.37 |1,112,880 |369,962 |79.557B |0.79|34.13 |40.72 |Apr 23, 2025|--|--|1,411.66 
MU|74.34 |70.66 |64.65 x 1000|64.85 x 1700|63.86 - 71.34 |63.86 - 157.54 |50,532,736 |23,526,558 |72.329B |1.18|15.48 |4.18 |Jun 24, 2025 - Jun 30, 2025|0.46 (0.71%)|Mar 31, 2025|129.07 
KLAC|620.82 |592.42 |575.09 x 100|577.79 x 100|560.08 - 598.38 |559.76 - 896.32 |2,069,491 |1,123,201 |76.613B |1.36|24.27 |23.75 |Apr 23, 2025 - Apr 28, 2025|6.80 (1.18%)|Feb 24, 2025|820.53 
GEV|297.66 |277.16 |264.00 x 800|271.75 x 800|252.38 - 283.47 |125.86 - 447.50 |7,803,868 |4,247,069 |74.208B |--|48.57 |5.59 |Apr 23, 2025|1.00 (0.37%)|Dec 20, 2024|402.86 
SHW|353.66 |345.12 |339.00 x 900|344.01 x 800|339.19 - 347.21 |282.09 - 400.42 |1,694,310 |1,824,356 |85.677B |1.26|32.32 |10.54 |Apr 29, 2025|3.16 (0.89%)|Mar 3, 2025|380.93 
EQIX|801.44 |790.67 |764.86 x 100|767.65 x 100|765.12 - 792.41 |684.14 - 994.03 |814,250 |659,334 |74.577B |0.94|90.14 |8.50 |Apr 30, 2025|18.76 (2.34%)|Feb 26, 2025|1,025.40 
CL|96.00 |96.95 |91.72 x 1200|92.43 x 800|91.32 - 97.73 |85.32 - 109.30 |7,434,253 |5,302,424 |74.344B |0.40|26.11 |3.51 |Apr 25, 2025|2.08 (2.27%)|Apr 17, 2025|97.95 
TDG|1,363.42 |1,330.01 |1,195.86 x 800|1,311.30 x 900|1,237.85 - 1,344.82 |1,176.31 - 1,451.32 |511,735 |264,191 |69.424B |1.08|43.66 |28.35 |May 5, 2025 - May 9, 2025|--|Oct 4, 2024|1,508.96 
APH|62.66 |60.54 |58.50 x 1100|63.29 x 800|57.12 - 60.57 |54.72 - 79.39 |13,390,823 |8,379,790 |71.604B |1.18|30.78 |1.92 |Apr 23, 2025|0.66 (1.12%)|Mar 18, 2025|84.14 
MMM|139.74 |134.19 |125.25 x 800|127.31 x 800|126.46 - 135.31 |90.17 - 156.35 |8,848,282 |4,339,303 |68.445B |1.06|17.48 |7.26 |Apr 28, 2025 - May 2, 2025|2.92 (2.30%)|Feb 14, 2025|154.63 
TT|332.00 |330.10 |--|--|327.67 - 339.00 |286.32 - 422.00 |1,801,772 |1,631,636 |75.568B |1.30|29.68 |11.35 |Apr 28, 2025 - May 12, 2025|3.76 (1.12%)|Mar 7, 2025|398.90 
ANET|80.16 |73.22 |71.24 x 800|71.26 x 1000|71.17 - 75.55 |60.08 - 133.57 |19,549,028 |10,872,188 |89.88B |1.30|31.96 |2.23 |May 5, 2025 - May 9, 2025|--|--|116.17 
UPS|110.20 |106.74 |100.19 x 1200|100.25 x 800|99.97 - 107.39 |99.97 - 154.29 |8,893,337 |6,454,720 |84.855B |1.09|14.81 |6.76 |Apr 21, 2025 - Apr 25, 2025|6.56 (5.95%)|Feb 18, 2025|130.67 
MSI|435.50 |428.71 |364.82 x 900|408.28 x 1000|401.71 - 439.88 |332.98 - 507.82 |1,726,321 |866,075 |67.141B |0.95|43.47 |9.25 |Apr 30, 2025 - May 5, 2025|4.36 (1.08%)|Mar 14, 2025|508.89 
WMB|59.03 |57.06 |54.57 x 1100|57.19 x 800|53.54 - 58.53 |37.18 - 61.67 |18,977,744 |7,977,454 |66.613B |0.90|29.98 |1.82 |May 5, 2025 - May 9, 2025|2.00 (3.67%)|Mar 14, 2025|59.78 
PH|556.70 |528.58 |515.80 x 1200|517.90 x 900|510.00 - 537.98 |492.71 - 718.44 |2,254,777 |832,448 |66.601B |1.38|21.36 |24.21 |May 1, 2025|6.52 (1.26%)|Feb 7, 2025|742.18 
ZTS|159.61 |156.00 |148.73 x 3000|164.77 x 1100|151.18 - 157.69 |144.80 - 200.33 |3,611,923 |3,033,819 |67.943B |0.93|27.69 |5.48 |May 6, 2025|2.00 (1.32%)|Apr 21, 2025|199.87 
CTAS|203.22 |203.85 |188.08 x 200|221.41 x 200|202.55 - 206.73 |162.16 - 228.12 |2,595,475 |1,804,898 |82.966B |1.41|47.58 |4.32 |Mar 26, 2025|1.56 (0.76%)|Feb 14, 2025|206.34 
NOC|512.18 |512.56 |510.00 x 1100|528.53 x 900|512.50 - 524.95 |418.60 - 555.57 |1,055,748 |1,019,120 |74.574B |0.19|18.19 |28.32 |Apr 22, 2025|8.24 (1.61%)|Mar 3, 2025|548.61 
KKR|102.55 |96.75 |91.10 x 800|92.50 x 1000|88.76 - 97.10 |88.76 - 170.40 |19,023,266 |5,848,614 |85.628B |1.77|28.29 |3.28 |Apr 29, 2025 - May 5, 2025|0.70 (0.75%)|Feb 14, 2025|165.04 
MCO|442.39 |428.55 |406.17 x 900|417.57 x 900|400.63 - 431.03 |360.05 - 531.93 |2,308,524 |836,932 |72.393B |1.38|35.68 |11.28 |Apr 30, 2025 - May 5, 2025|3.76 (0.85%)|Feb 25, 2025|537.96 
GD|269.62 |264.96 |245.05 x 1000|252.53 x 1100|249.75 - 265.22 |239.87 - 316.90 |1,752,880 |1,713,651 |67.098B |0.43|18.34 |13.63 |Apr 23, 2025|6.00 (2.40%)|Apr 11, 2025|288.64 
CDNS|248.91 |242.99 |232.60 x 300|233.33 x 300|232.37 - 246.21 |230.09 - 328.99 |4,105,287 |2,179,003 |63.882B |1.14|60.65 |3.84 |Apr 28, 2025|--|--|317.85 
CMG|50.08 |48.79 |47.25 x 1000|47.21 x 1000|46.78 - 49.28 |46.78 - 69.26 |16,022,192 |12,550,550 |64.094B |1.27|42.60 |1.11 |Apr 23, 2025|--|--|64.35 
EOG|119.89 |115.58 |105.92 x 1300|110.35 x 800|109.19 - 116.61 |109.19 - 139.67 |8,833,429 |3,443,253 |60.973B |0.94|9.83 |11.25 |May 1, 2025|3.90 (3.53%)|Apr 16, 2025|140.78 
NKE|55.58 |53.22 |57.19 x 1100|57.59 x 800|52.50 - 59.22 |52.50 - 98.04 |67,655,102 |16,767,204 |84.5B |1.15|19.02 |3.01 |Jun 25, 2025 - Jun 30, 2025|1.60 (2.79%)|Mar 3, 2025|80.53 
SNPS|417.76 |403.36 |358.82 x 200|422.26 x 200|387.53 - 408.94 |387.41 - 624.80 |2,458,313 |1,268,104 |60.013B |1.23|46.71 |8.31 |May 20, 2025 - May 26, 2025|--|--|622.66 
REGN|625.60 |626.25 |609.34 x 100|663.53 x 200|608.04 - 626.75 |608.04 - 1,211.20 |1,047,290 |958,153 |66.758B |0.44|15.92 |38.35 |Apr 29, 2025|3.52 (0.56%)|Feb 20, 2025|914.55 
AZO|3,812.78 |3,801.00 |3,811.37 x 800|3,823.33 x 900|3,794.25 - 3,830.26 |2,728.97 - 3,842.82 |41,760 |126,456 |63.628B |0.71|25.51 |149.08 |May 19, 2025 - May 23, 2025|--|--|3,781.17 
ITW|239.44 |233.49 |215.00 x 1100|245.00 x 1100|224.94 - 235.65 |224.94 - 279.13 |1,713,591 |1,111,816 |66.175B |1.14|19.26 |11.71 |Apr 28, 2025 - May 2, 2025|6.00 (2.66%)|Mar 31, 2025|259.37 
PNC|161.29 |155.27 |153.96 x 1100|154.14 x 800|149.01 - 155.90 |143.52 - 216.26 |4,147,270 |2,390,319 |60.589B |1.04|11.15 |13.73 |Apr 15, 2025|6.40 (4.18%)|Apr 16, 2025|206.26 
BDX|221.59 |219.52 |207.54 x 1400|208.23 x 800|204.96 - 220.45 |204.95 - 251.99 |6,623,763 |2,118,950 |59.535B |0.38|34.96 |5.93 |May 1, 2025|3.98 (1.92%)|Mar 10, 2025|276.57 
ECL|253.66 |250.39 |236.72 x 900|--|249.51 - 257.55 |217.05 - 273.69 |1,610,775 |1,389,849 |70.976B |1.15|33.91 |7.38 |Apr 29, 2025|2.60 (1.04%)|Mar 18, 2025|283.71 
APD|283.20 |278.67 |257.00 x 1000|326.00 x 1400|262.69 - 279.23 |227.53 - 341.14 |1,434,116 |1,497,209 |58.616B |0.90|15.25 |17.28 |May 1, 2025|7.16 (2.72%)|Apr 1, 2025|347.47 
COF|164.04 |156.90 |152.08 x 1100|152.26 x 800|146.18 - 158.50 |128.23 - 210.67 |10,390,030 |4,214,162 |57.662B |1.48|13.00 |11.58 |Apr 22, 2025|2.40 (1.34%)|Feb 18, 2025|210.37 
HCA|342.34 |343.00 |327.88 x 1300|345.10 x 800|340.64 - 344.97 |289.98 - 417.14 |1,114,225 |1,638,522 |84.241B |1.69|15.55 |22.00 |Apr 24, 2025 - Apr 28, 2025|2.88 (0.84%)|Mar 17, 2025|374.89 
ROP|578.88 |576.78 |540.90 x 100|542.92 x 100|540.76 - 578.34 |499.47 - 595.17 |1,649,000 |663,980 |58.181B |1.04|37.73 |14.36 |Apr 28, 2025|3.30 (0.61%)|Apr 4, 2025|630.09 
PYPL|61.71 |60.00 |55.33 x 100|61.88 x 100|57.32 - 60.19 |56.97 - 93.66 |22,088,650 |12,092,238 |57.742B |1.61|14.63 |3.99 |Apr 28, 2025 - May 2, 2025|--|--|92.98 
USB|38.79 |37.37 |36.81 x 3200|36.84 x 800|35.74 - 37.68 |35.74 - 53.98 |19,852,110 |11,097,687 |57.382B |0.94|9.72 |3.79 |Apr 16, 2025|2.00 (5.43%)|Mar 31, 2025|53.80 
TRV|263.10 |257.22 |230.94 x 900|248.79 x 800|239.84 - 258.01 |200.21 - 269.56 |2,471,739 |1,414,470 |54.927B |0.49|11.29 |21.46 |Apr 16, 2025|4.20 (1.73%)|Mar 10, 2025|270.53 
CEG|190.24 |180.01 |169.50 x 400|171.37 x 400|165.08 - 182.99 |155.60 - 352.00 |9,343,383 |4,865,338 |53.563B |1.02|14.38 |11.89 |May 8, 2025 - May 13, 2025|1.55 (0.82%)|Mar 7, 2025|319.71 
DASH|173.99 |165.65 |162.79 x 100|163.53 x 100|162.57 - 170.23 |99.32 - 215.24 |6,501,963 |5,829,745 |68.543B |1.69|562.62 |0.29 |May 7, 2025|--|--|219.13 
AEP|109.11 |110.12 |104.33 x 200|109.61 x 100|103.92 - 110.48 |79.16 - 110.48 |7,367,525 |4,144,988 |55.791B |0.42|18.72 |5.58 |May 6, 2025|3.72 (3.56%)|Feb 10, 2025|105.17 
OKE|92.70 |88.45 |81.43 x 800|80.88 x 800|80.46 - 89.60 |76.23 - 118.07 |9,800,727 |4,135,693 |50.507B |1.17|15.64 |5.17 |Apr 29, 2025|4.12 (5.10%)|Feb 3, 2025|111.50 
EMR|101.89 |97.05 |93.46 x 800|94.68 x 1300|92.23 - 97.18 |92.23 - 134.85 |5,816,444 |3,098,896 |53.328B |1.27|26.64 |3.55 |May 6, 2025 - May 12, 2025|2.11 (2.23%)|Feb 14, 2025|139.39 
BK|79.91 |77.04 |72.93 x 800|77.50 x 900|72.93 - 78.73 |52.64 - 90.34 |6,694,676 |4,361,262 |52.635B |1.02|12.64 |5.80 |Apr 11, 2025|1.88 (2.56%)|Jan 27, 2025|93.36 
FTNT|89.44 |86.51 |84.55 x 300|89.85 x 100|84.28 - 87.79 |54.57 - 114.82 |11,172,074 |4,822,275 |65.14B |1.10|37.48 |2.26 |May 7, 2025|--|--|114.59 
ADSK|257.15 |250.11 |236.15 x 100|257.85 x 100|244.39 - 252.66 |195.32 - 326.62 |3,159,604 |1,688,787 |52.294B |1.50|47.86 |5.13 |Jun 9, 2025 - Jun 13, 2025|--|Mar 22, 2005|335.29 
AFL|111.75 |109.34 |99.42 x 800|107.50 x 800|101.82 - 109.84 |79.31 - 115.50 |3,221,749 |1,978,556 |55.662B |0.80|10.59 |9.63 |Apr 30, 2025|2.32 (2.27%)|Feb 19, 2025|106.00 
APO|123.45 |116.43 |107.00 x 1100|118.34 x 900|105.61 - 117.18 |95.11 - 189.49 |12,472,666 |3,922,016 |62B |1.65|14.83 |7.33 |May 2, 2025|1.85 (1.70%)|Feb 18, 2025|181.56 
NEM|48.33 |46.87 |44.08 x 1000|44.83 x 1800|43.59 - 47.00 |36.60 - 58.72 |19,303,935 |10,640,095 |49.802B |0.56|15.45 |2.86 |Apr 23, 2025|1.00 (2.26%)|Mar 4, 2025|55.89 
SLB|42.19 |39.91 |39.25 x 900|39.43 x 1100|39.04 - 40.30 |36.52 - 55.65 |40,716,266 |15,561,355 |53.32B |1.12|12.61 |3.11 |Apr 25, 2025|1.14 (2.70%)|Feb 5, 2025|52.68 
ALL|205.32 |202.35 |185.00 x 800|187.20 x 1000|186.23 - 203.65 |156.66 - 212.91 |3,351,583 |1,965,159 |49.446B |0.36|10.97 |17.00 |Apr 30, 2025|4.00 (2.14%)|Mar 10, 2025|225.47 
CSX|27.99 |27.62 |26.12 x 100|28.65 x 100|26.94 - 27.73 |26.94 - 37.10 |25,591,683 |14,942,803 |51.284B |1.22|15.20 |1.79 |Apr 16, 2025|0.52 (1.91%)|Feb 28, 2025|35.49 
KMI|28.92 |27.86 |27.63 x 1800|27.82 x 1100|27.63 - 28.65 |17.61 - 31.48 |13,704,254 |14,443,568 |61.593B |0.73|23.69 |1.17 |Apr 15, 2025 - Apr 21, 2025|1.15 (3.98%)|Feb 3, 2025|30.35 
HLT|217.38 |212.18 |200.00 x 1000|230.00 x 1000|207.21 - 216.15 |193.86 - 275.22 |4,614,755 |1,901,506 |50.249B |1.19|34.07 |6.13 |Apr 29, 2025|0.60 (0.28%)|Feb 21, 2025|264.71 
MAR|224.62 |218.33 |206.95 x 100|227.95 x 100|212.55 - 222.66 |204.55 - 307.52 |3,571,889 |1,793,111 |59.09B |1.42|25.76 |8.33 |Apr 29, 2025 - May 5, 2025|2.52 (1.17%)|Feb 27, 2025|289.17 
AIG|86.20 |84.17 |76.99 x 900|79.97 x 800|78.27 - 84.55 |69.00 - 88.07 |4,721,919 |5,144,824 |46.089B |0.64|19.40 |4.07 |May 1, 2025|1.60 (2.03%)|Mar 17, 2025|87.01 
JCI|77.23 |75.02 |72.55 x 1800|71.88 x 900|71.63 - 75.74 |59.83 - 91.14 |7,065,034 |4,748,488 |47.332B |1.23|33.66 |2.13 |May 1, 2025 - May 15, 2025|1.48 (2.06%)|Mar 24, 2025|94.15 
HWM|125.00 |115.95 |111.00 x 1000|114.13 x 900|109.44 - 117.00 |62.80 - 140.55 |6,188,306 |2,965,540 |45.496B |1.07|39.98 |2.81 |Apr 30, 2025 - May 5, 2025|0.40 (0.36%)|Feb 7, 2025|140.01 
RSG|248.44 |247.00 |232.29 x 900|379.55 x 800|235.12 - 249.08 |180.92 - 249.73 |3,157,576 |1,169,137 |73.518B |0.62|36.22 |6.50 |Apr 24, 2025|2.32 (0.99%)|Apr 2, 2025|241.18 
NSC|220.74 |217.61 |193.24 x 1000|210.92 x 1300|210.21 - 219.56 |206.71 - 277.60 |2,308,315 |1,257,725 |47.72B |1.30|18.22 |11.58 |Apr 23, 2025|5.40 (2.56%)|Feb 7, 2025|273.02 
COR|289.36 |291.30 |274.00 x 800|294.98 x 900|276.01 - 296.65 |214.77 - 296.65 |4,331,792 |1,673,146 |53.928B |0.54|39.54 |7.04 |May 7, 2025|2.20 (0.79%)|Feb 14, 2025|282.16 
O|57.12 |57.51 |57.03 x 1000|57.05 x 800|56.38 - 58.16 |50.65 - 64.88 |9,614,292 |5,384,226 |50.884B |0.80|58.22 |0.98 |May 5, 2025 - May 9, 2025|3.22 (5.64%)|Apr 1, 2025|61.75 
CPRT|55.64 |55.49 |51.04 x 100|59.85 x 100|54.82 - 55.72 |48.05 - 64.38 |6,609,980 |4,231,684 |53.28B |1.30|37.01 |1.49 |May 14, 2025 - May 19, 2025|--|--|61.81 
ABNB|113.97 |109.26 |106.57 x 600|107.09 x 600|104.73 - 110.42 |104.73 - 166.74 |10,248,104 |5,407,883 |66.272B |1.15|25.95 |4.11 |May 6, 2025 - May 12, 2025|--|--|157.09 
PAYX|153.53 |152.84 |143.16 x 400|143.63 x 500|143.24 - 153.00 |115.40 - 158.37 |3,048,469 |2,086,125 |51.623B |0.88|29.73 |4.82 |Jun 24, 2025 - Jun 30, 2025|3.92 (2.74%)|Feb 7, 2025|144.96 
CARR|60.72 |58.90 |57.37 x 800|57.40 x 900|55.87 - 59.08 |53.33 - 83.32 |3,218,356 |5,703,965 |49.852B |1.21|47.30 |1.22 |Apr 23, 2025 - Apr 28, 2025|0.90 (1.48%)|Dec 20, 2024|78.32 
WDAY|228.33 |225.65 |216.09 x 300|217.28 x 300|216.11 - 227.82 |199.81 - 294.00 |4,891,479 |2,328,046 |57.759B |1.32|111.35 |1.95 |May 21, 2025 - May 26, 2025|--|--|311.19 
TFC|41.56 |39.29 |36.95 x 2200|38.75 x 900|37.01 - 39.71 |35.09 - 49.06 |15,528,540 |8,153,760 |48.352B |0.89|-- |-0.30 |Apr 17, 2025|2.08 (5.00%)|Feb 14, 2025|49.33 
PCAR|92.36 |92.30 |87.36 x 100|91.07 x 300|89.67 - 93.96 |89.67 - 123.20 |6,324,666 |2,723,345 |47.706B |0.96|11.50 |7.90 |Apr 29, 2025|1.32 (1.43%)|Feb 12, 2025|111.72 
KMB|145.22 |145.82 |135.28 x 1200|140.73 x 900|137.65 - 146.90 |123.84 - 150.45 |2,554,846 |2,211,638 |45.738B |0.39|18.29 |7.54 |Apr 21, 2025 - Apr 25, 2025|5.04 (3.65%)|Mar 7, 2025|144.73 
FCX|38.20 |35.98 |33.63 x 1300|33.70 x 1200|33.42 - 35.99 |33.42 - 55.24 |27,822,292 |16,195,425 |48.156B |1.71|25.78 |1.30 |Apr 24, 2025|0.60 (1.57%)|Apr 15, 2025|47.44 
FDX|245.17 |230.18 |213.61 x 800|216.30 x 800|213.67 - 232.88 |213.67 - 313.84 |5,063,733 |1,876,668 |51.72B |1.25|13.58 |15.89 |Jun 24, 2025|5.52 (2.25%)|Mar 10, 2025|288.00 
EXC|47.23 |48.00 |43.32 x 100|47.80 x 100|45.09 - 48.11 |34.01 - 48.11 |13,928,906 |7,960,500 |45.783B |0.47|18.51 |2.45 |May 1, 2025|1.60 (3.53%)|Feb 24, 2025|45.28 
D|56.25 |56.98 |52.51 x 800|52.90 x 1100|52.72 - 56.99 |46.62 - 61.97 |7,267,885 |4,969,848 |44.937B |0.57|23.97 |2.20 |May 1, 2025|2.67 (5.06%)|Feb 28, 2025|59.24 
KR|67.27 |67.89 |70.58 x 300|70.74 x 500|67.89 - 70.95 |49.04 - 70.95 |13,476,020 |5,947,468 |46.752B |0.59|19.28 |3.67 |Jun 18, 2025 - Jun 23, 2025|1.28 (1.90%)|May 15, 2025|67.32 
SPG|153.18 |147.88 |145.00 x 800|147.01 x 1400|142.75 - 150.71 |139.25 - 190.14 |3,254,807 |1,624,843 |55.056B |1.48|20.12 |7.26 |May 5, 2025 - May 9, 2025|8.40 (5.75%)|Mar 10, 2025|190.89 
RCL|188.65 |179.50 |176.00 x 800|177.58 x 1000|172.05 - 184.59 |125.06 - 277.08 |5,011,631 |2,829,908 |47.886B |2.27|16.26 |10.94 |Apr 23, 2025 - Apr 28, 2025|3.00 (1.69%)|Mar 7, 2025|277.58 
CCI|107.06 |108.68 |98.79 x 1100|105.41 x 900|100.80 - 108.99 |84.20 - 120.92 |4,693,514 |3,422,543 |43.97B |0.95|-- |-8.98 |Apr 30, 2025|6.26 (6.20%)|Mar 14, 2025|110.41 
PSA|294.74 |294.35 |282.07 x 800|303.04 x 1000|283.96 - 299.53 |256.31 - 369.99 |1,399,914 |742,945 |49.911B |0.76|26.74 |10.64 |Apr 28, 2025 - May 2, 2025|12.00 (4.22%)|Mar 13, 2025|334.00 
GM|45.90 |44.46 |44.21 x 1000|44.50 x 1100|42.73 - 44.73 |38.96 - 61.24 |23,056,767 |14,124,179 |43.959B |1.28|6.94 |6.37 |Apr 29, 2025|0.48 (1.09%)|Mar 7, 2025|61.10 
KVUE|23.50 |23.60 |23.61 x 1000|23.85 x 3200|23.43 - 23.77 |17.67 - 24.46 |14,401,327 |14,941,384 |45.296B |--|43.89 |0.54 |May 5, 2025 - May 9, 2025|0.82 (3.46%)|Feb 12, 2025|24.25 
YUM|161.45 |157.21 |143.66 x 900|161.24 x 800|147.29 - 159.32 |122.13 - 163.30 |4,704,246 |2,221,277 |41.26B |0.89|28.32 |5.22 |Apr 29, 2025 - May 5, 2025|2.84 (1.92%)|Feb 21, 2025|155.75 
SRE|70.73 |70.23 |66.28 x 800|66.35 x 800|65.36 - 70.43 |64.89 - 95.77 |6,643,949 |5,627,945 |42.948B |0.66|14.90 |4.42 |May 5, 2025 - May 9, 2025|2.58 (3.92%)|Mar 20, 2025|81.47 
FAST|78.01 |77.22 |74.30 x 500|74.49 x 300|74.36 - 77.95 |61.36 - 84.88 |5,205,004 |3,352,872 |42.676B |1.04|37.21 |2.00 |Apr 11, 2025|1.72 (2.31%)|Jan 31, 2025|75.11 
DLR|141.09 |139.91 |137.87 x 800|138.89 x 800|135.52 - 140.32 |135.52 - 198.00 |3,800,160 |2,594,138 |47.132B |0.94|85.40 |1.61 |Apr 24, 2025|4.88 (3.55%)|Mar 14, 2025|189.13 
PSX|124.06 |117.46 |106.11 x 900|108.00 x 800|106.64 - 118.77 |106.64 - 174.08 |6,783,445 |3,546,511 |43.697B |1.16|21.48 |4.99 |Apr 25, 2025|4.60 (3.71%)|Feb 24, 2025|139.44 
MET|75.91 |72.85 |66.01 x 800|68.93 x 1800|67.89 - 73.41 |67.30 - 89.05 |8,885,904 |3,744,303 |47.052B |0.88|11.63 |5.94 |Apr 30, 2025|2.18 (3.16%)|Feb 4, 2025|96.14 
FICO|1,801.05 |1,757.20 |1,596.55 x 900|1,762.25 x 900|1,673.59 - 1,762.04 |1,105.65 - 2,402.52 |300,684 |208,012 |40.917B |1.37|76.93 |21.76 |Apr 23, 2025 - Apr 28, 2025|--|Mar 1, 2017|2,027.07 
AMP|455.81 |439.62 |415.00 x 800|462.28 x 1200|415.88 - 439.62 |385.74 - 582.05 |828,074 |554,435 |40.452B |1.23|12.77 |33.06 |Apr 21, 2025 - Apr 25, 2025|5.92 (1.40%)|Feb 10, 2025|558.11 
NXPI|193.67 |183.48 |171.56 x 300|181.62 x 100|171.73 - 185.31 |171.71 - 296.08 |6,155,714 |3,031,119 |43.592B |1.41|17.66 |9.73 |Apr 28, 2025|4.06 (2.36%)|Mar 19, 2025|254.71 
ROST|131.21 |131.40 |124.17 x 100|137.90 x 100|129.60 - 136.42 |122.36 - 163.60 |5,568,710 |2,987,625 |42.849B |1.12|20.62 |6.32 |May 21, 2025 - May 26, 2025|1.62 (1.24%)|Mar 18, 2025|156.38 
TGT|105.77 |97.75 |94.10 x 1100|94.21 x 800|93.00 - 98.45 |93.00 - 177.23 |17,233,562 |6,790,931 |42.952B |1.28|10.64 |8.86 |May 21, 2025|4.48 (4.24%)|May 14, 2025|135.69 
GWW|973.41 |959.70 |895.28 x 1100|1,011.67 x 800|939.46 - 975.10 |874.98 - 1,227.66 |365,231 |294,646 |45.398B |1.19|24.33 |38.73 |May 1, 2025|8.20 (0.87%)|Feb 10, 2025|1,045.95 
VRSK|305.09 |299.20 |284.36 x 100|311.10 x 200|284.37 - 304.16 |217.34 - 306.68 |2,050,844 |828,237 |39.977B |0.88|42.73 |6.67 |Apr 29, 2025 - May 5, 2025|1.80 (0.63%)|Mar 14, 2025|295.40 
EW|72.98 |71.43 |68.82 x 800|71.00 x 1000|68.82 - 71.72 |58.93 - 95.25 |6,897,209 |4,584,288 |40.628B |1.15|29.64 |2.34 |Apr 23, 2025 - Apr 28, 2025|--|--|80.14 
KDP|35.63 |35.94 |32.65 x 100|33.84 x 2300|33.78 - 36.12 |30.12 - 38.28 |15,544,290 |12,996,548 |45.872B |0.55|32.20 |1.05 |Apr 24, 2025|0.92 (2.72%)|Mar 28, 2025|37.86 
MSCI|544.18 |533.09 |509.93 x 900|517.09 x 1200|507.14 - 533.26 |439.95 - 642.45 |1,194,640 |580,295 |39.378B |1.30|36.09 |14.06 |Apr 22, 2025|7.20 (1.42%)|Feb 14, 2025|657.21 
CTVA|61.30 |59.81 |55.50 x 800|55.99 x 900|55.47 - 59.81 |50.01 - 66.24 |5,431,811 |3,557,436 |38.105B |0.73|45.73 |1.22 |May 7, 2025|0.68 (1.11%)|Mar 3, 2025|69.38 
MNST|59.65 |59.51 |57.02 x 500|60.65 x 100|57.00 - 60.00 |43.32 - 60.34 |10,381,220 |6,507,674 |55.548B |0.64|38.31 |1.49 |Apr 30, 2025 - May 5, 2025|--|--|56.68 
XEL|72.14 |73.00 |64.58 x 100|71.94 x 100|67.78 - 73.00 |51.97 - 73.38 |5,366,709 |3,703,358 |39.006B |0.40|19.74 |3.44 |Apr 24, 2025|2.28 (3.36%)|Mar 14, 2025|73.44 
OTIS|104.30 |102.46 |95.15 x 800|96.00 x 1000|94.77 - 102.90 |90.12 - 106.83 |5,319,485 |2,394,651 |37.657B |0.90|23.33 |4.07 |Apr 22, 2025 - Apr 28, 2025|1.56 (1.64%)|Feb 14, 2025|101.83 
HES|159.07 |158.59 |156.67 x 1000|158.44 x 800|157.66 - 159.74 |123.79 - 163.98 |1,660,583 |1,998,606 |48.849B |1.22|17.64 |8.98 |Apr 23, 2025 - Apr 28, 2025|2.00 (1.26%)|Mar 17, 2025|172.00 
PEG|81.55 |81.31 |76.38 x 800|78.37 x 800|76.91 - 82.35 |64.03 - 95.22 |3,810,533 |2,842,587 |38.753B |0.54|21.96 |3.54 |Apr 28, 2025 - May 2, 2025|2.52 (3.24%)|Mar 10, 2025|87.76 
MPC|128.59 |124.66 |116.43 x 1000|126.15 x 900|115.97 - 126.00 |115.97 - 219.74 |5,831,968 |2,916,901 |37.717B |1.02|12.00 |10.09 |May 6, 2025|3.64 (3.01%)|Feb 19, 2025|165.68 
CMI|295.35 |285.38 |275.00 x 900|277.27 x 800|273.06 - 286.59 |261.51 - 387.90 |1,293,215 |921,506 |38.24B |1.07|9.79 |28.37 |Apr 30, 2025 - May 5, 2025|7.28 (2.62%)|Feb 21, 2025|377.97 
DFS|161.26 |152.31 |146.43 x 800|155.04 x 1400|142.79 - 154.89 |119.31 - 205.76 |4,063,219 |2,157,575 |36.996B |1.19|8.30 |17.72 |Apr 23, 2025|2.80 (1.90%)|Feb 20, 2025|204.00 
BKR|43.08 |42.74 |43.87 x 1500|44.01 x 2800|42.53 - 44.04 |30.93 - 49.40 |9,267,762 |7,668,430 |43.515B |1.29|14.75 |2.98 |Apr 22, 2025|0.92 (2.09%)|Feb 11, 2025|51.16 
LHX|209.94 |207.72 |202.38 x 800|205.95 x 1000|201.95 - 212.24 |193.09 - 265.74 |3,081,610 |1,351,485 |37.93B |0.72|25.71 |7.86 |Apr 24, 2025|4.80 (2.38%)|Mar 10, 2025|257.13 
FIS|74.51 |73.22 |70.00 x 1000|70.50 x 1200|69.70 - 73.66 |66.51 - 91.98 |8,777,921 |3,740,629 |37.025B |1.08|49.23 |1.42 |May 5, 2025 - May 9, 2025|1.60 (2.29%)|Mar 11, 2025|84.59 
TRGP|180.72 |174.18 |160.21 x 1300|168.10 x 1100|158.56 - 174.90 |110.09 - 218.51 |7,805,205 |1,680,488 |35.073B |1.75|28.03 |5.75 |Apr 30, 2025 - May 5, 2025|3.00 (1.66%)|Jan 31, 2025|217.85 
AXON|539.69 |511.26 |495.55 x 300|498.65 x 100|486.10 - 520.00 |273.52 - 715.99 |946,825 |823,345 |38.608B |1.13|104.00 |4.78 |May 5, 2025 - May 9, 2025|--|--|665.03 
ED|112.72 |114.00 |105.00 x 800|109.83 x 1100|108.12 - 114.87 |87.28 - 114.87 |6,379,863 |2,864,904 |38.598B |0.25|20.86 |5.24 |Apr 30, 2025 - May 5, 2025|3.40 (3.11%)|Feb 19, 2025|103.03 
TEL|129.98 |127.08 |48.80 x 1100|153.67 x 1000|120.99 - 126.97 |120.99 - 159.98 |4,119,497 |1,782,183 |36.399B |1.24|19.27 |6.33 |Apr 23, 2025|2.84 (2.33%)|May 21, 2025|170.73 
URI|591.17 |572.50 |566.89 x 800|568.72 x 1000|545.13 - 583.31 |544.32 - 896.98 |1,180,722 |706,691 |36.885B |1.72|14.60 |38.67 |Apr 22, 2025 - Apr 28, 2025|7.16 (1.27%)|Feb 12, 2025|788.95 
PCG|17.25 |17.26 |16.38 x 3100|16.85 x 2900|16.27 - 17.30 |14.99 - 21.72 |26,052,247 |24,030,862 |36.062B |0.70|14.30 |1.15 |Apr 24, 2025|0.10 (0.61%)|Mar 31, 2025|20.54 
AME|161.49 |156.41 |153.85 x 1000|154.07 x 800|151.16 - 156.99 |149.03 - 198.33 |2,753,010 |1,394,117 |35.226B |1.14|25.79 |5.92 |Apr 30, 2025 - May 5, 2025|1.24 (0.81%)|Mar 14, 2025|199.15 
PWR|252.04 |243.12 |236.64 x 900|252.06 x 800|232.35 - 245.95 |227.11 - 365.88 |2,086,834 |1,729,570 |35.489B |1.04|39.71 |6.03 |Apr 30, 2025 - May 5, 2025|0.40 (0.17%)|Apr 3, 2025|334.17 
F|9.54 |9.31 |9.55 x 4000|9.59 x 46000|9.20 - 9.73 |9.06 - 14.85 |170,515,597 |105,552,008 |38.095B |1.43|6.56 |1.46 |May 5, 2025|0.75 (7.83%)|Feb 18, 2025|10.45 
PRU|112.71 |106.99 |104.50 x 800|106.50 x 1100|104.61 - 108.00 |104.45 - 130.55 |1,925,111 |1,814,341 |37.14B |1.26|13.97 |7.50 |Apr 30, 2025|5.40 (4.83%)|Feb 18, 2025|124.77 
VST|108.21 |103.57 |96.39 x 1400|96.71 x 800|92.13 - 103.91 |64.26 - 199.84 |10,180,270 |9,232,581 |32.992B |1.23|13.86 |7.00 |May 6, 2025 - May 12, 2025|0.89 (0.83%)|Mar 20, 2025|169.00 
SYY|75.04 |75.21 |75.17 x 1200|75.23 x 800|74.61 - 75.40 |69.03 - 82.23 |553,084 |3,675,815 |36.79B |1.12|19.28 |3.90 |Apr 28, 2025 - May 2, 2025|2.04 (2.72%)|Apr 4, 2025|83.61 
CBRE|123.84 |118.30 |112.00 x 800|126.78 x 800|114.51 - 120.88 |84.24 - 147.75 |2,543,354 |1,932,166 |35.428B |1.27|37.61 |3.14 |Apr 24, 2025|--|Apr 19, 2024|153.55 
ETR|85.06 |85.02 |79.35 x 800|80.00 x 900|78.51 - 84.48 |50.19 - 88.38 |7,632,214 |4,352,243 |34.044B |0.55|32.26 |2.45 |Apr 22, 2025 - Apr 28, 2025|2.40 (3.04%)|Feb 10, 2025|88.45 
CTSH|75.90 |75.25 |76.43 x 2400|79.28 x 100|75.24 - 76.72 |63.79 - 90.82 |3,284,192 |3,900,748 |37.838B |1.12|16.96 |4.51 |Apr 29, 2025 - May 5, 2025|1.24 (1.62%)|Feb 18, 2025|88.64 
VLO|114.29 |109.72 |102.55 x 800|109.97 x 1200|102.60 - 111.30 |102.60 - 183.38 |7,526,527 |3,501,762 |32.921B |1.15|12.20 |8.58 |Apr 24, 2025|4.52 (4.32%)|Jan 30, 2025|149.26 
ACGL|96.28 |94.37 |82.45 x 200|95.76 x 200|87.48 - 94.49 |87.42 - 116.47 |2,649,643 |1,864,872 |32.999B |0.34|7.85 |11.19 |Apr 29, 2025|--|Nov 18, 2024|113.33 
CHTR|368.40 |365.00 |322.01 x 100|338.86 x 100|337.54 - 368.92 |236.08 - 415.27 |1,789,495 |1,220,646 |48.042B |1.13|9.67 |34.98 |Apr 25, 2025|--|--|406.62 
HIG|123.44 |120.89 |110.49 x 800|119.12 x 900|113.04 - 121.15 |94.47 - 125.08 |2,389,809 |1,774,862 |32.411B |0.67|10.97 |10.35 |Apr 24, 2025|2.08 (1.83%)|Mar 3, 2025|130.18 
DHI|125.99 |126.28 |125.78 x 800|125.94 x 800|124.38 - 126.64 |124.23 - 199.85 |248,115 |3,677,369 |40.527B |1.81|8.93 |14.14 |Apr 17, 2025|1.60 (1.27%)|Feb 7, 2025|165.19 
EA|144.85 |143.10 |135.07 x 400|135.96 x 400|135.03 - 144.68 |115.21 - 168.50 |4,620,555 |4,218,243 |35.272B |0.79|34.53 |3.92 |May 6, 2025|0.76 (0.56%)|Feb 26, 2025|146.22 
WEC|108.53 |109.59 |102.41 x 800|107.78 x 800|103.58 - 109.53 |77.47 - 111.00 |3,569,899 |2,422,956 |33.161B |0.43|21.61 |4.83 |Apr 29, 2025 - May 5, 2025|3.57 (3.42%)|Feb 14, 2025|104.21 
TTWO|208.93 |205.10 |182.28 x 200|211.04 x 200|194.18 - 208.33 |135.24 - 220.93 |3,682,601 |1,809,430 |34.343B |1.01|-- |-21.36 |May 14, 2025 - May 19, 2025|--|--|216.93 
IDXX|419.95 |417.47 |424.80 x 100|426.67 x 100|415.05 - 427.09 |398.50 - 548.88 |214,210 |724,663 |34.469B |1.39|39.86 |10.67 |May 1, 2025|--|--|498.01 
GIS|60.97 |61.00 |59.50 x 1800|59.71 x 1000|59.33 - 62.61 |55.15 - 75.90 |7,577,875 |5,977,747 |32.642B |0.14|13.10 |4.55 |Jun 24, 2025 - Jun 30, 2025|2.40 (3.94%)|Apr 10, 2025|62.67 
VICI|31.66 |31.47 |30.78 x 900|30.81 x 800|30.47 - 31.70 |27.08 - 34.29 |11,165,677 |7,348,058 |32.324B |0.73|11.95 |2.56 |Apr 30, 2025|1.73 (5.66%)|Mar 20, 2025|35.84 
CAH|137.09 |134.48 |125.94 x 800|129.63 x 900|128.82 - 135.90 |93.17 - 139.50 |3,760,968 |2,474,583 |31.314B |0.62|24.14 |5.37 |May 1, 2025|2.02 (1.56%)|Apr 1, 2025|141.87 
WTW|332.41 |327.95 |307.89 x 100|309.95 x 100|306.18 - 331.14 |245.04 - 344.14 |1,625,168 |607,761 |30.689B |0.69|-- |-0.96 |Apr 24, 2025|3.68 (1.19%)|Mar 31, 2025|364.58 
GEHC|79.36 |76.54 |71.45 x 1300|76.61 x 200|70.45 - 76.59 |70.45 - 94.80 |9,199,200 |3,238,745 |32.925B |1.31|16.59 |4.34 |Apr 30, 2025 - May 14, 2025|0.14 (0.19%)|Apr 25, 2025|100.15 
GLW|46.54 |44.45 |42.00 x 1100|42.29 x 800|42.01 - 44.58 |30.72 - 55.33 |7,606,726 |6,093,486 |36.233B |1.02|72.91 |0.58 |Apr 28, 2025 - May 2, 2025|1.12 (2.41%)|Feb 28, 2025|55.46 
CSGP|76.35 |75.66 |72.47 x 600|72.76 x 300|72.55 - 76.00 |68.26 - 95.71 |3,879,760 |3,262,556 |30.628B |0.88|213.59 |0.34 |Apr 29, 2025|--|--|85.87 
HUM|265.48 |263.59 |248.88 x 900|258.73 x 1000|253.09 - 270.58 |213.31 - 406.46 |2,061,541 |1,597,153 |30.628B |0.63|25.45 |9.97 |Apr 30, 2025|3.54 (1.39%)|Mar 28, 2025|296.92 
CNC|64.29 |64.26 |62.33 x 900|63.82 x 900|61.88 - 65.90 |55.03 - 80.59 |7,004,182 |4,594,180 |30.721B |0.53|9.81 |6.31 |Apr 25, 2025|--|--|78.62 
EBAY|66.36 |64.61 |59.90 x 100|65.79 x 100|62.35 - 65.36 |48.52 - 71.61 |8,334,227 |5,389,795 |29.078B |1.43|15.80 |3.95 |Apr 29, 2025 - May 5, 2025|1.16 (1.86%)|Mar 14, 2025|65.00 
RMD|223.85 |222.86 |222.34 x 800|222.92 x 1000|219.51 - 223.10 |172.19 - 263.05 |201,606 |953,673 |32.701B |0.74|26.32 |8.46 |Apr 23, 2025 - Apr 28, 2025|2.12 (0.95%)|Feb 13, 2025|270.09 
VMC|237.18 |231.30 |231.71 x 800|231.88 x 900|225.13 - 235.82 |215.08 - 298.31 |2,850,850 |1,075,087 |30.481B |0.80|33.44 |6.90 |Apr 30, 2025 - May 5, 2025|1.96 (0.85%)|Mar 10, 2025|297.96 
A|109.67 |107.14 |104.21 x 900|108.81 x 900|102.85 - 107.70 |102.85 - 155.35 |3,826,281 |1,981,658 |29.366B |1.19|23.62 |4.36 |May 27, 2025 - Jun 2, 2025|0.99 (0.96%)|Apr 1, 2025|151.06 
IT|404.95 |396.04 |388.10 x 800|388.97 x 800|382.24 - 398.52 |382.24 - 584.01 |810,162 |628,245 |29.43B |1.26|23.94 |16.00 |Apr 28, 2025 - May 2, 2025|--|Jul 19, 1999|533.91 
EQT|54.62 |51.53 |--|--|51.48 - 53.65 |30.02 - 56.66 |10,914,459 |8,245,195 |31.121B |1.36|115.76 |0.45 |Apr 22, 2025|0.63 (1.21%)|Feb 18, 2025|56.20 
EXR|147.47 |146.05 |--|168.32 x 800|143.50 - 148.54 |131.02 - 184.87 |1,529,904 |1,328,516 |31.943B |0.97|35.68 |4.04 |Apr 29, 2025|6.48 (4.50%)|Mar 14, 2025|164.94 
NDAQ|75.86 |75.71 |69.52 x 100|81.65 x 200|75.22 - 76.61 |58.10 - 84.15 |1,119,097 |2,854,726 |44.039B |0.97|39.67 |1.93 |Apr 24, 2025|0.96 (1.27%)|Mar 14, 2025|88.61 
VTR|69.60 |69.29 |64.00 x 900|66.97 x 900|65.21 - 69.29 |41.45 - 71.36 |4,202,177 |3,119,969 |28.674B |1.04|344.79 |0.19 |Apr 30, 2025|1.92 (2.93%)|Mar 31, 2025|75.95 
TSCO|55.77 |53.56 |52.32 x 1100|52.62 x 1100|52.29 - 55.80 |48.30 - 61.53 |7,395,812 |5,225,393 |27.857B |0.88|25.69 |2.04 |Apr 24, 2025|0.92 (1.76%)|Feb 26, 2025|58.22 
WAB|173.58 |166.41 |126.00 x 800|214.00 x 900|158.54 - 166.26 |143.22 - 210.88 |1,372,207 |1,168,795 |27.516B |1.14|26.65 |6.04 |Apr 23, 2025|1.00 (0.62%)|Feb 21, 2025|215.12 
MLM|484.97 |480.27 |452.32 x 1000|543.87 x 1000|464.36 - 483.51 |448.50 - 633.23 |889,550 |562,706 |28.701B |0.81|14.51 |32.43 |Apr 28, 2025 - May 2, 2025|3.16 (0.67%)|Mar 3, 2025|603.32 
OXY|49.33 |46.50 |44.26 x 3000|44.60 x 3000|43.80 - 47.05 |43.78 - 71.19 |20,531,048 |11,333,318 |41.256B |1.03|19.42 |2.26 |May 7, 2025|0.96 (1.95%)|Mar 10, 2025|58.37 
IR|81.30 |81.00 |78.74 x 800|80.49 x 900|79.03 - 81.77 |79.03 - 106.03 |1,769,076 |2,522,132 |32.021B |1.48|38.56 |2.06 |Apr 30, 2025 - May 5, 2025|0.08 (0.10%)|Mar 5, 2025|99.54 
AWK|151.96 |155.00 |144.00 x 1200|153.80 x 1100|146.26 - 155.50 |113.34 - 155.50 |3,275,224 |1,533,190 |28.711B |0.67|27.32 |5.39 |Apr 30, 2025|3.06 (2.08%)|Feb 7, 2025|138.34 
BRO|122.93 |123.59 |123.41 x 1000|--|123.03 - 124.96 |80.33 - 124.97 |1,872,872 |1,697,866 |35.657B |0.86|35.95 |3.46 |Apr 21, 2025 - Apr 25, 2025|0.60 (0.48%)|Feb 5, 2025|115.97 
ODFL|155.75 |153.17 |143.17 x 200|164.79 x 200|147.05 - 155.78 |147.05 - 233.26 |3,326,254 |1,820,124 |32.32B |1.26|27.80 |5.47 |Apr 23, 2025|1.12 (0.74%)|Mar 5, 2025|190.58 
AVB|205.86 |203.19 |185.96 x 800|200.39 x 800|191.49 - 204.41 |177.40 - 239.29 |1,707,872 |697,383 |27.292B |0.87|25.26 |7.59 |Apr 30, 2025|7.00 (3.65%)|Mar 31, 2025|237.05 
DTE|139.49 |139.70 |132.55 x 1000|135.35 x 1100|130.64 - 140.32 |103.06 - 140.39 |1,731,994 |1,334,866 |27.351B |0.49|19.47 |6.77 |Apr 23, 2025 - Apr 28, 2025|4.36 (3.31%)|Mar 17, 2025|138.65 
EFX|231.80 |225.00 |197.00 x 900|233.94 x 800|209.94 - 226.35 |209.89 - 309.63 |2,944,025 |1,106,904 |26.217B |1.65|43.49 |4.83 |Apr 22, 2025|1.56 (0.74%)|Feb 21, 2025|285.74 
LULU|255.65 |242.00 |262.77 x 300|264.03 x 300|234.84 - 271.75 |226.01 - 423.32 |8,348,997 |2,160,269 |31.812B |1.31|18.01 |14.64 |Jun 3, 2025 - Jun 9, 2025|--|--|356.95 
GRMN|185.34 |179.52 |173.25 x 1800|189.05 x 800|175.11 - 183.09 |138.86 - 246.50 |2,506,240 |1,017,803 |34.336B |0.94|24.45 |7.30 |Apr 30, 2025|3.60 (2.02%)|Jun 16, 2025|212.57 
DD|67.78 |59.91 |59.09 x 1000|59.50 x 1100|56.18 - 61.38 |56.18 - 90.06 |10,651,368 |2,704,374 |24.75B |1.24|33.41 |1.77 |Apr 29, 2025 - May 5, 2025|1.64 (2.77%)|Mar 3, 2025|97.41 
STZ|181.49 |181.42 |173.00 x 900|173.96 x 800|173.49 - 181.48 |160.46 - 274.87 |3,176,510 |2,841,393 |31.426B |0.79|46.24 |3.76 |Apr 9, 2025|4.04 (2.32%)|Feb 7, 2025|225.92 
BR|239.91 |235.48 |215.54 x 1200|241.90 x 800|224.73 - 236.10 |188.30 - 247.01 |740,604 |532,235 |26.334B |1.07|35.22 |6.39 |May 6, 2025 - May 12, 2025|3.52 (1.56%)|Mar 13, 2025|245.67 
IQV|167.69 |163.75 |63.34 x 800|160.00 x 1300|154.35 - 164.47 |154.35 - 252.88 |2,558,179 |1,531,264 |27.281B |1.46|20.66 |7.49 |Apr 30, 2025 - May 5, 2025|--|--|244.54 
AEE|101.68 |102.48 |92.50 x 800|97.62 x 1800|95.05 - 102.32 |69.39 - 104.10 |3,099,087 |1,880,262 |25.878B |0.47|21.67 |4.42 |Apr 30, 2025 - May 5, 2025|2.84 (2.96%)|Mar 11, 2025|100.56 
ANSS|310.45 |303.18 |263.47 x 200|310.19 x 200|285.93 - 305.89 |285.93 - 363.03 |1,206,183 |536,162 |25.143B |1.20|43.79 |6.55 |Apr 29, 2025 - May 5, 2025|--|--|356.14 
MTB|163.36 |158.32 |128.70 x 800|160.00 x 800|152.26 - 158.83 |133.03 - 225.70 |2,483,308 |1,418,701 |25.797B |0.57|10.73 |14.63 |Apr 14, 2025|5.40 (3.44%)|Mar 3, 2025|210.55 
CHD|110.76 |111.68 |104.27 x 900|107.91 x 800|105.87 - 113.91 |96.35 - 116.46 |3,154,322 |1,666,088 |26.11B |0.55|44.76 |2.37 |May 1, 2025|1.18 (1.09%)|Feb 14, 2025|106.96 
ROK|239.16 |232.10 |213.65 x 900|229.11 x 900|218.48 - 231.18 |218.48 - 308.70 |1,403,911 |884,427 |25.68B |1.39|28.25 |8.04 |May 5, 2025 - May 9, 2025|5.24 (2.19%)|May 19, 2025|305.54 
XYL|119.84 |118.69 |--|--|117.04 - 119.21 |113.26 - 146.08 |2,663,468 |1,396,917 |28.794B |1.08|32.46 |3.65 |Apr 30, 2025 - May 5, 2025|1.60 (1.35%)|Feb 18, 2025|146.13 
KHC|30.13 |30.45 |30.77 x 3400|30.84 x 3400|30.40 - 31.12 |27.25 - 38.96 |11,916,884 |10,798,868 |36.769B |0.42|13.63 |2.26 |Apr 29, 2025 - May 5, 2025|1.60 (5.31%)|Mar 7, 2025|32.63 
PPL|36.23 |36.40 |34.30 x 1000|34.70 x 800|34.27 - 36.41 |25.93 - 36.64 |8,277,306 |5,115,374 |25.468B |0.67|28.72 |1.20 |Apr 29, 2025 - May 5, 2025|1.09 (3.16%)|Mar 10, 2025|36.57 
FANG|141.28 |134.04 |122.80 x 400|123.60 x 500|123.17 - 135.82 |123.15 - 214.50 |5,414,630 |2,585,885 |35.708B |1.42|7.94 |15.53 |May 5, 2025|6.21 (5.03%)|Mar 6, 2025|202.83 
IP|54.46 |51.73 |49.48 x 1200|49.50 x 1800|48.10 - 51.96 |33.16 - 60.36 |4,590,903 |9,714,705 |25.887B |0.95|31.24 |1.57 |Apr 30, 2025|1.85 (3.40%)|Feb 24, 2025|57.64 
NUE|109.79 |106.21 |101.46 x 1300|104.00 x 800|99.77 - 106.61 |99.77 - 203.00 |3,674,366 |2,965,180 |23.796B |1.68|12.20 |8.46 |Apr 28, 2025|2.20 (2.13%)|Mar 31, 2025|152.65 
LEN|108.40 |106.95 |103.79 x 900|110.60 x 1400|106.20 - 115.89 |106.20 - 187.61 |7,104,149 |3,497,518 |29.171B |--|8.10 |13.70 |Jun 16, 2025 - Jun 20, 2025|2.00 (1.80%)|Jan 29, 2025|137.27 
GDDY|177.67 |173.00 |164.00 x 800|173.85 x 1000|163.80 - 174.05 |119.76 - 216.00 |2,818,259 |1,523,561 |23.242B |1.19|25.49 |6.45 |Apr 30, 2025 - May 5, 2025|--|--|217.86 
DAL|43.37 |40.57 |38.80 x 800|38.95 x 1000|38.74 - 40.68 |37.29 - 69.98 |16,103,835 |10,407,303 |25.005B |1.23|7.26 |5.33 |Apr 9, 2025|0.60 (1.38%)|Feb 27, 2025|72.66 
SBAC|230.87 |231.31 |219.67 x 200|220.29 x 200|219.76 - 234.42 |183.64 - 252.64 |2,191,928 |878,969 |23.666B |0.83|31.64 |6.95 |Apr 28, 2025 - May 2, 2025|4.44 (2.02%)|Mar 13, 2025|247.71 
HSY|166.83 |168.00 |160.00 x 1800|165.85 x 800|161.24 - 171.47 |140.13 - 211.92 |2,279,104 |2,033,595 |32.864B |0.27|14.86 |10.92 |May 1, 2025|5.48 (3.38%)|Feb 14, 2025|163.52 
ATO|155.29 |154.48 |148.46 x 800|148.67 x 1000|147.07 - 155.99 |110.97 - 157.62 |1,431,787 |925,288 |23.462B |0.68|21.18 |6.98 |May 7, 2025|3.48 (2.35%)|Feb 25, 2025|153.03 
IRM|85.10 |84.78 |83.41 x 800|86.95 x 800|84.16 - 86.92 |73.53 - 130.24 |1,530,467 |2,164,123 |25.273B |1.08|141.05 |0.61 |Apr 30, 2025 - May 5, 2025|3.14 (3.65%)|Mar 17, 2025|116.12 
TYL|563.38 |562.18 |575.19 x 1200|576.57 x 800|558.28 - 578.45 |397.80 - 661.31 |101,483 |254,531 |24.874B |0.80|95.90 |6.03 |Apr 22, 2025 - Apr 28, 2025|--|Jan 31, 1990|704.63 
CNP|37.36 |37.26 |36.12 x 1100|37.33 x 800|35.76 - 37.64 |25.41 - 37.70 |8,082,899 |4,801,035 |23.55B |0.64|22.84 |1.58 |Apr 24, 2025|0.88 (2.44%)|Feb 20, 2025|35.64 
DXCM|61.80 |59.63 |55.31 x 200|64.62 x 200|57.52 - 61.05 |57.52 - 141.99 |6,548,567 |4,015,364 |23.46B |1.50|42.13 |1.42 |May 1, 2025|--|--|101.79 
PPG|103.99 |102.39 |98.55 x 1400|111.02 x 800|97.49 - 103.11 |97.49 - 142.30 |3,812,546 |2,247,659 |22.505B |1.15|17.33 |5.72 |Apr 16, 2025 - Apr 21, 2025|2.72 (2.74%)|Feb 21, 2025|131.55 
DELL|77.23 |74.66 |72.55 x 1100|72.74 x 3100|71.47 - 74.88 |71.47 - 179.70 |2,904,142 |8,629,037 |50.744B |1.01|11.40 |6.38 |May 28, 2025 - Jun 2, 2025|2.10 (2.72%)|Apr 22, 2025|136.28 
STT|82.83 |80.03 |76.86 x 1300|76.94 x 1000|76.00 - 80.03 |70.20 - 103.00 |2,585,862 |2,094,268 |21.996B |1.44|9.29 |8.21 |Apr 17, 2025|3.04 (3.67%)|Apr 1, 2025|107.30 
RJF|130.28 |123.77 |117.99 x 1100|131.73 x 800|118.57 - 127.51 |104.24 - 174.32 |3,460,789 |1,509,893 |25.337B |0.96|12.08 |10.24 |Apr 23, 2025 - Apr 24, 2025|2.00 (1.62%)|Apr 1, 2025|166.23 
MPWR|498.68 |476.60 |476.07 x 100|480.14 x 100|451.29 - 492.38 |451.29 - 959.64 |1,732,705 |934,774 |22.851B |1.21|13.04 |36.61 |Apr 29, 2025 - May 5, 2025|6.24 (1.31%)|Mar 31, 2025|817.74 
FITB|35.47 |34.08 |32.10 x 100|35.36 x 100|32.75 - 34.61 |32.75 - 49.07 |9,692,228 |4,939,561 |22.431B |1.01|10.75 |3.14 |Apr 17, 2025|1.48 (4.39%)|Mar 31, 2025|47.79 
DRI|200.68 |196.62 |182.62 x 800|197.00 x 800|190.46 - 197.43 |135.87 - 211.00 |1,913,003 |1,263,125 |22.513B |0.93|21.64 |8.89 |Jun 18, 2025 - Jun 23, 2025|5.60 (2.91%)|Apr 10, 2025|208.25 
CBOE|224.48 |227.55 |226.20 x 1000|239.36 x 800|225.41 - 234.33 |166.13 - 234.37 |1,335,394 |818,577 |23.642B |0.47|31.32 |7.21 |May 2, 2025|2.52 (1.12%)|Feb 28, 2025|213.53 
KEYS|135.73 |132.34 |118.80 x 900|139.98 x 800|123.90 - 133.77 |119.72 - 186.20 |2,107,001 |1,048,904 |21.95B |1.12|36.19 |3.51 |May 19, 2025 - May 23, 2025|--|--|184.86 
EQR|71.97 |72.11 |71.86 x 800|71.97 x 900|71.83 - 73.14 |59.48 - 78.83 |452,196 |1,601,910 |28.19B |0.93|26.48 |2.72 |Apr 21, 2025 - Apr 25, 2025|2.70 (3.75%)|Jan 2, 2025|78.10 
EXE|109.25 |109.04 |100.22 x 200|116.19 x 200|107.16 - 109.44 |69.12 - 109.63 |31,490,445 |4,043,065 |24.98B |0.52|-- |-4.55 |Apr 28, 2025 - May 2, 2025|2.30 (2.14%)|Mar 11, 2025|121.96 
VLTO|93.90 |92.82 |89.93 x 800|90.06 x 1000|88.68 - 92.82 |86.04 - 115.00 |1,954,760 |1,489,725 |22.032B |--|26.59 |3.34 |Apr 21, 2025 - Apr 25, 2025|0.44 (0.50%)|Mar 31, 2025|111.37 
FTV|74.20 |74.66 |73.86 x 1300|73.96 x 1100|73.75 - 75.14 |66.15 - 87.10 |197,650 |2,656,215 |25.161B |1.21|31.33 |2.36 |Apr 22, 2025 - Apr 28, 2025|0.32 (0.43%)|Feb 28, 2025|90.23 
GPN|92.98 |89.92 |81.75 x 800|88.10 x 1100|84.50 - 90.23 |84.50 - 129.35 |6,326,925 |2,186,556 |20.87B |0.98|13.78 |6.16 |Apr 29, 2025 - May 5, 2025|1.00 (1.18%)|Mar 14, 2025|131.13 
TPL|1,220.98 |1,179.50 |1,034.32 x 900|1,400.00 x 800|1,048.40 - 1,166.58 |555.71 - 1,769.14 |285,970 |133,441 |24.801B |1.46|54.63 |19.75 |May 6, 2025 - May 12, 2025|6.40 (0.59%)|Mar 3, 2025|-- 
MTD|1,272.54 |1,267.74 |--|--|1,253.55 - 1,297.74 |1,142.91 - 1,546.93 |147,648 |131,567 |27.015B |1.15|31.95 |40.43 |May 7, 2025 - May 12, 2025|--|--|1,366.60 
ADM|47.57 |45.75 |43.66 x 900|43.92 x 800|43.01 - 46.08 |43.01 - 66.08 |5,783,330 |4,699,990 |20.8B |0.65|11.87 |3.65 |Apr 28, 2025 - May 2, 2025|2.04 (4.71%)|Feb 18, 2025|50.09 
ES|61.92 |62.57 |57.60 x 1400|63.79 x 1400|58.21 - 62.68 |54.75 - 69.01 |3,531,803 |2,894,327 |21.416B |0.59|25.70 |2.27 |Apr 29, 2025 - May 5, 2025|3.01 (5.16%)|Mar 4, 2025|69.86 
EIX|58.38 |58.51 |54.42 x 800|55.90 x 1000|54.09 - 58.51 |49.06 - 88.77 |4,530,449 |5,758,288 |21.08B |0.74|16.54 |3.31 |Apr 29, 2025|3.31 (6.05%)|Apr 7, 2025|70.61 
CMS
CINF|144.70 |141.61 |131.06 x 400|131.91 x 400|130.72 - 142.49 |109.93 - 161.75 |1,302,955 |840,200 |20.618B |0.55|9.06 |14.54 |Apr 23, 2025 - Apr 28, 2025|3.48 (2.64%)|Mar 24, 2025|157.00 
ZBH|112.02 |111.37 |--|115.44 x 900|111.37 - 113.64 |97.69 - 130.89 |1,285,049 |1,865,273 |22.53B |1.04|25.55 |4.43 |Apr 30, 2025 - May 5, 2025|0.96 (0.85%)|Mar 31, 2025|122.04 
DOV|162.73 |157.96 |150.03 x 800|155.08 x 800|150.60 - 158.44 |150.60 - 222.31 |1,607,530 |968,204 |21.046B |1.24|15.22 |10.09 |Apr 23, 2025 - Apr 28, 2025|2.06 (1.34%)|Feb 28, 2025|215.28 
HPQ|23.78 |23.32 |22.53 x 900|22.58 x 3000|21.97 - 23.46 |21.96 - 39.80 |20,401,701 |7,711,154 |21.315B |1.11|8.13 |2.78 |May 27, 2025 - Jun 2, 2025|1.16 (5.12%)|Mar 12, 2025|35.85 
K|82.55 |82.40 |82.27 x 900|82.28 x 900|82.16 - 82.50 |55.01 - 83.22 |3,774,606 |2,387,329 |28.391B |0.35|21.20 |3.88 |Apr 30, 2025 - May 5, 2025|2.28 (2.76%)|Mar 3, 2025|83.43 
CPAY|358.52 |339.88 |330.26 x 800|330.97 x 1100|325.41 - 341.04 |247.10 - 400.81 |201,701 |476,663 |23.136B |1.11|23.56 |13.98 |May 6, 2025 - May 12, 2025|--|--|415.18 
DOW|34.89 |33.48 |31.45 x 900|31.48 x 900|31.38 - 33.64 |31.38 - 60.69 |16,722,019 |7,308,213 |22.203B |1.04|20.04 |1.57 |Apr 24, 2025|2.80 (8.03%)|Feb 28, 2025|44.53 
TDY|471.60 |461.47 |255.70 x 800|441.67 x 1000|435.92 - 463.00 |355.41 - 522.50 |433,246 |271,159 |20.448B |1.03|25.38 |17.20 |Apr 21, 2025 - Apr 25, 2025|--|--|573.65 
MCHP|48.93 |46.54 |38.58 x 100|42.52 x 100|39.57 - 46.54 |39.57 - 100.57 |29,154,729 |10,131,205 |21.895B |1.50|71.42 |0.57 |May 5, 2025 - May 9, 2025|1.82 (3.72%)|Feb 24, 2025|65.61 
DVN|37.92 |35.41 |33.96 x 1100|33.99 x 1800|33.04 - 35.91 |30.39 - 55.09 |16,204,095 |9,264,213 |21.506B |1.55|7.27 |4.56 |May 6, 2025|0.96 (2.53%)|Mar 14, 2025|48.98 
STE|225.47 |224.21 |219.11 x 800|219.44 x 800|216.86 - 224.21 |197.82 - 248.24 |528,630 |503,933 |21.519B |0.92|35.21 |6.22 |May 6, 2025 - May 12, 2025|2.28 (1.01%)|Feb 20, 2025|250.13 
WRB|70.29 |68.63 |64.02 x 1000|68.25 x 1400|65.24 - 69.58 |50.73 - 76.38 |2,853,008 |2,005,180 |24.813B |0.41|15.01 |4.36 |Apr 21, 2025|0.32 (0.49%)|Mar 3, 2025|66.07 
NVR|7,109.99 |7,000.00 |7,050.00 x 1100|7,436.87 x 800|7,010.00 - 7,743.80 |7,000.00 - 9,964.77 |41,761 |27,880 |22.003B |1.08|14.62 |506.91 |Apr 21, 2025 - Apr 25, 2025|--|--|8,923.33 
SW
FE|41.05 |41.12 |38.68 x 800|39.73 x 800|39.22 - 41.16 |36.81 - 44.97 |6,563,044 |5,373,166 |22.721B |0.39|23.16 |1.70 |Apr 23, 2025|1.78 (4.52%)|May 7, 2025|43.23 
VRSN|255.43 |246.76 |239.84 x 200|241.30 x 200|239.64 - 253.37 |167.05 - 258.67 |1,874,970 |836,654 |22.723B |0.87|30.02 |8.00 |Apr 24, 2025|--|May 5, 2011|235.28 
DG|94.41 |92.26 |92.50 x 800|93.00 x 900|92.26 - 97.47 |66.43 - 159.52 |10,625,398 |4,162,238 |20.371B |0.40|18.13 |5.11 |May 28, 2025 - Jun 2, 2025|2.36 (2.55%)|Apr 8, 2025|86.73 
WAT|392.99 |389.55 |395.45 x 1800|396.22 x 800|387.55 - 399.99 |279.24 - 423.56 |233,743 |470,913 |23.596B |1.00|37.01 |10.73 |May 5, 2025 - May 9, 2025|--|Nov 26, 1996|400.84 
WBD|10.56 |10.03 |8.42 x 200|9.87 x 200|9.11 - 10.14 |6.64 - 12.70 |50,943,766 |36,062,763 |22.486B |1.43|-- |-4.62 |May 7, 2025 - May 12, 2025|--|--|13.57 
MKC|80.84 |81.05 |73.84 x 800|76.39 x 1100|76.32 - 81.61 |66.88 - 86.24 |3,216,248 |2,324,490 |20.511B |0.75|26.37 |2.90 |Jun 25, 2025 - Jun 30, 2025|1.80 (2.35%)|Apr 7, 2025|83.84 
CDW|151.57 |149.70 |137.88 x 100|151.46 x 100|141.80 - 149.70 |141.80 - 257.33 |4,357,928 |1,402,945 |19.144B |0.97|18.13 |7.97 |Apr 29, 2025 - May 5, 2025|2.50 (1.65%)|Feb 25, 2025|224.43 
CTRA|27.36 |26.19 |24.94 x 900|25.12 x 2200|24.51 - 26.36 |22.30 - 29.95 |19,105,671 |6,883,659 |19.194B |0.46|16.75 |1.50 |Apr 30, 2025 - May 5, 2025|0.88 (3.50%)|Mar 13, 2025|34.98 
WY|27.43 |27.56 |26.37 x 800|28.08 x 900|26.07 - 27.67 |26.07 - 35.08 |6,633,532 |3,750,879 |19.061B |1.27|48.63 |0.54 |Apr 24, 2025|0.84 (3.20%)|Mar 7, 2025|36.00 
UAL|60.23 |55.89 |55.17 x 100|57.80 x 2400|52.00 - 58.87 |37.02 - 116.00 |17,954,344 |8,284,877 |18.878B |1.20|6.10 |9.45 |Apr 15, 2025|--|Jan 7, 2008|114.47 
LYV|126.06 |121.80 |118.00 x 1000|121.32 x 1400|117.83 - 123.04 |86.81 - 157.75 |3,382,388 |2,530,470 |27.928B |1.31|44.10 |2.74 |Apr 30, 2025 - May 5, 2025|--|--|164.62 
PHM|97.75 |95.84 |101.11 x 1100|101.12 x 800|95.14 - 104.07 |95.14 - 149.47 |3,512,625 |2,322,795 |20.408B |1.45|6.89 |14.69 |Apr 22, 2025|0.88 (0.87%)|Mar 18, 2025|135.01 
MOH|353.24 |351.52 |336.32 x 900|358.56 x 900|341.55 - 359.97 |262.32 - 383.58 |1,049,816 |749,811 |18.965B |0.70|16.98 |20.42 |Apr 23, 2025|--|--|338.46 
HBAN|13.46 |12.81 |12.57 x 1900|12.65 x 2600|12.13 - 12.94 |12.05 - 18.45 |28,603,811 |22,685,538 |18.405B |0.92|10.33 |1.22 |Apr 17, 2025|0.62 (4.92%)|Mar 18, 2025|18.18 
IFF|76.45 |75.09 |70.10 x 1200|75.03 x 1100|72.82 - 75.84 |72.82 - 106.77 |2,726,543 |1,715,038 |18.699B |1.23|76.97 |0.95 |May 5, 2025 - May 9, 2025|1.60 (2.19%)|Mar 21, 2025|99.58 
LH|233.46 |231.50 |225.04 x 1100|233.14 x 800|222.28 - 232.21 |191.97 - 258.59 |1,423,711 |653,883 |18.833B |0.97|25.45 |8.84 |Apr 29, 2025|2.88 (1.28%)|Feb 27, 2025|273.67 
HAL|25.70 |24.11 |22.44 x 1300|22.36 x 3100|22.35 - 24.18 |22.35 - 41.56 |16,162,391 |11,761,053 |19.3B |1.46|7.91 |2.83 |Apr 22, 2025|0.68 (2.65%)|Mar 5, 2025|34.12 
INVH|33.79 |33.82 |33.76 x 800|34.49 x 800|33.76 - 34.60 |30.13 - 37.80 |3,735,675 |3,083,208 |20.948B |1.03|46.20 |0.74 |Apr 28, 2025 - May 2, 2025|1.16 (3.39%)|Dec 26, 2024|36.64 
TROW|86.22 |84.47 |79.41 x 100|82.64 x 600|82.34 - 85.56 |82.34 - 125.81 |4,557,371 |1,831,452 |18.357B |1.53|9.03 |9.15 |May 2, 2025|5.08 (5.89%)|Mar 14, 2025|107.54 
MAA|161.74 |162.20 |160.30 x 800|163.43 x 800|161.23 - 163.55 |123.73 - 173.38 |1,081,043 |775,070 |19.593B |0.90|36.37 |4.49 |Apr 29, 2025 - May 5, 2025|6.06 (3.71%)|Jan 15, 2025|167.58 
BIIB|130.71 |129.22 |118.93 x 100|131.25 x 100|122.77 - 129.95 |122.77 - 238.00 |3,088,014 |1,617,072 |18.001B |0.06|11.00 |11.18 |May 1, 2025|--|--|198.22 
ESS|294.35 |288.38 |263.89 x 1000|291.81 x 800|270.93 - 289.91 |230.90 - 317.73 |686,508 |479,538 |18.698B |0.80|23.47 |11.55 |Apr 29, 2025|10.28 (3.79%)|Mar 31, 2025|312.12 
DGX|170.63 |169.46 |159.68 x 800|171.04 x 900|163.83 - 173.16 |125.42 - 178.87 |2,505,165 |1,159,822 |18.22B |0.78|21.38 |7.68 |Apr 22, 2025|3.20 (1.95%)|Apr 7, 2025|178.15 
NRG|92.77 |91.00 |83.61 x 800|83.24 x 900|82.01 - 91.25 |65.11 - 117.26 |6,874,830 |3,312,054 |17.029B |1.10|16.76 |4.99 |May 5, 2025 - May 9, 2025|1.76 (2.11%)|Feb 3, 2025|113.90 
EXPE|152.37 |144.97 |141.56 x 200|142.05 x 200|139.17 - 146.75 |107.25 - 207.73 |4,647,749 |2,268,756 |18.28B |1.66|15.85 |8.95 |May 8, 2025|1.60 (1.13%)|Mar 6, 2025|212.36 
NI|39.75 |39.76 |37.45 x 1400|37.40 x 1200|36.86 - 39.84 |26.26 - 41.45 |8,095,791 |4,559,544 |17.516B |0.48|22.98 |1.62 |May 6, 2025 - May 12, 2025|1.12 (2.82%)|Apr 30, 2025|41.77 
CLX|148.69 |148.72 |144.00 x 900|146.63 x 1100|143.37 - 150.84 |127.60 - 171.37 |2,084,043 |1,482,972 |17.722B |0.60|39.20 |3.67 |Apr 28, 2025 - May 2, 2025|4.88 (3.39%)|Apr 23, 2025|163.16 
LDOS|139.49 |136.80 |132.50 x 800|143.20 x 1000|133.11 - 140.31 |123.23 - 202.90 |2,558,790 |1,674,532 |17.07B |0.67|14.42 |9.23 |Apr 28, 2025 - May 2, 2025|1.60 (1.20%)|Mar 14, 2025|171.87 
SYF|46.56 |44.35 |41.64 x 800|44.06 x 1000|41.31 - 44.67 |39.67 - 70.93 |9,503,817 |4,471,866 |17.031B |1.45|5.12 |8.55 |Apr 22, 2025|1.00 (2.28%)|Feb 3, 2025|73.57 
TSN|63.56 |62.02 |60.14 x 900|60.22 x 1100|59.74 - 63.00 |53.61 - 66.88 |3,322,118 |2,530,991 |21.304B |0.62|20.21 |2.96 |May 5, 2025 - May 9, 2025|2.00 (3.34%)|May 30, 2025|67.27 
PTC|149.53 |145.85 |139.62 x 400|140.33 x 400|139.66 - 145.85 |139.66 - 203.09 |1,214,645 |1,109,536 |16.818B |1.17|43.14 |3.24 |Apr 29, 2025 - May 5, 2025|--|--|209.32 
PODD|244.67 |247.66 |--|--|246.50 - 257.22 |160.19 - 289.46 |913,459 |683,113 |17.939B |1.29|44.27 |5.77 |May 7, 2025 - May 12, 2025|--|--|314.06 
HPE|13.68 |13.31 |12.50 x 3200|12.88 x 2200|11.97 - 13.31 |11.97 - 24.66 |28,336,178 |19,469,174 |16.801B |1.22|6.15 |2.08 |Jun 2, 2025 - Jun 6, 2025|0.52 (4.07%)|Mar 21, 2025|20.14 
CCL|20.02 |18.41 |17.22 x 3200|17.24 x 1800|17.25 - 18.45 |13.78 - 28.72 |40,988,175 |23,377,658 |23.412B |2.42|11.15 |1.55 |Jun 23, 2025 - Jun 27, 2025|--|Feb 20, 2020|28.47 
RF|19.61 |18.97 |18.41 x 800|19.05 x 900|18.03 - 19.02 |17.72 - 27.96 |14,882,975 |8,804,250 |16.896B |1.03|9.67 |1.93 |Apr 17, 2025|1.00 (5.36%)|Mar 3, 2025|25.88 
NTRS
LII|546.82 |528.00 |214.47 x 800|648.00 x 1000|520.79 - 555.87 |445.63 - 682.50 |793,368 |424,909 |18.903B |1.08|23.58 |22.53 |Apr 22, 2025 - Apr 28, 2025|4.60 (0.87%)|Apr 30, 2025|603.89 
HUBB|321.35 |311.21 |302.35 x 1400|328.15 x 900|299.63 - 320.35 |299.42 - 481.35 |1,162,835 |677,641 |16.926B |0.94|21.97 |14.38 |Apr 28, 2025 - May 2, 2025|5.28 (1.67%)|Feb 28, 2025|439.61 
SNA|327.45 |320.86 |300.96 x 800|355.68 x 800|313.70 - 322.70 |252.98 - 373.90 |649,015 |409,793 |16.511B |0.83|16.15 |19.50 |Apr 17, 2025|8.56 (2.72%)|Feb 24, 2025|331.69 
LUV|31.86 |30.80 |28.81 x 900|28.95 x 800|28.90 - 31.00 |23.58 - 36.12 |15,855,828 |11,158,018 |17.104B |0.94|37.97 |0.76 |Apr 24, 2025|0.72 (2.26%)|Mar 12, 2025|33.08 
WSM|138.86 |131.56 |138.22 x 800|171.11 x 1000|130.07 - 150.56 |125.33 - 219.98 |6,398,399 |2,298,983 |17.499B |1.75|16.14 |8.78 |May 20, 2025 - May 26, 2025|2.64 (1.86%)|Apr 17, 2025|175.35 
ULTA|367.76 |358.71 |358.65 x 100|360.43 x 100|349.42 - 365.81 |309.01 - 460.00 |1,519,279 |1,059,579 |16.282B |1.15|14.19 |25.33 |May 28, 2025 - Jun 2, 2025|--|Mar 16, 2012|412.13 
PKG|189.16 |185.05 |180.55 x 900|183.42 x 800|178.85 - 187.24 |169.00 - 250.82 |1,169,420 |966,480 |16.495B |0.86|20.54 |8.93 |Apr 22, 2025|5.00 (2.73%)|Mar 14, 2025|225.82 
PFG|86.19 |82.58 |75.95 x 100|84.65 x 100|79.31 - 83.22 |72.21 - 91.98 |1,409,993 |1,493,788 |17.892B |1.01|11.87 |6.68 |Apr 23, 2025 - Apr 28, 2025|3.00 (3.48%)|Mar 12, 2025|88.08 
LNT|64.85 |64.97 |56.65 x 200|66.64 x 200|60.91 - 65.17 |47.23 - 66.54 |3,087,927 |1,927,822 |15.762B |0.52|22.81 |2.69 |Apr 30, 2025 - May 5, 2025|2.03 (3.31%)|Apr 30, 2025|64.80 
FDS|437.15 |433.67 |397.20 x 1000|444.66 x 800|414.55 - 439.26 |391.84 - 499.87 |769,259 |311,275 |15.828B |0.82|29.58 |14.07 |Jun 19, 2025 - Jun 23, 2025|4.16 (1.00%)|Feb 28, 2025|444.81 
GPC|118.68 |119.10 |113.01 x 800|120.00 x 1000|116.38 - 119.92 |112.74 - 164.45 |1,750,364 |1,610,858 |16.211B |0.83|18.05 |6.47 |Apr 22, 2025|4.12 (3.53%)|Mar 7, 2025|130.31 
NTAP|90.49 |86.78 |81.52 x 200|86.08 x 100|81.56 - 86.89 |81.56 - 135.45 |3,316,143 |2,066,276 |16.842B |1.30|15.11 |5.40 |May 29, 2025|2.08 (2.30%)|Apr 4, 2025|121.21 
STLD|116.06 |111.16 |108.99 x 200|109.50 x 300|105.64 - 113.35 |104.60 - 155.56 |2,180,170 |1,887,467 |16.37B |1.36|11.10 |9.84 |Apr 22, 2025|2.00 (1.72%)|Mar 31, 2025|146.09 
LYB|63.11 |60.62 |58.30 x 1400|57.97 x 1000|57.56 - 60.69 |57.56 - 107.02 |7,968,865 |3,034,982 |18.753B |0.92|14.00 |4.14 |Apr 25, 2025|5.36 (9.24%)|Mar 10, 2025|83.29 
SMCI|35.09 |32.05 |32.28 x 3500|33.00 x 100|31.55 - 33.16 |17.25 - 105.72 |44,817,492 |74,180,875 |19.181B |1.22|14.05 |2.30 |Apr 28, 2025 - May 2, 2025|--|--|52.48 
L|88.18 |87.75 |--|--|86.91 - 88.61 |72.91 - 88.66 |2,713,221 |756,677 |18.406B |0.80|13.61 |6.41 |May 5, 2025 - May 9, 2025|0.25 (0.29%)|Feb 26, 2025|-- 
BAX|31.35 |30.73 |28.50 x 1300|29.10 x 800|28.69 - 31.19 |28.34 - 42.86 |5,177,248 |4,797,387 |14.767B |0.65|-- |-0.64 |Apr 30, 2025 - May 5, 2025|0.68 (2.36%)|Feb 28, 2025|39.87 
DPZ|471.28 |468.37 |445.66 x 400|448.96 x 200|446.74 - 468.37 |396.06 - 542.75 |790,185 |659,442 |15.335B |1.06|26.81 |16.68 |Apr 28, 2025|6.96 (1.56%)|Mar 14, 2025|487.24 
WST|219.97 |218.53 |198.25 x 800|204.75 x 800|202.87 - 217.03 |197.01 - 396.75 |988,343 |977,062 |14.691B |1.22|30.38 |6.69 |Apr 23, 2025 - Apr 28, 2025|0.84 (0.41%)|Apr 30, 2025|285.01 
EVRG|69.21 |69.00 |65.80 x 900|66.38 x 900|65.77 - 69.22 |49.55 - 70.30 |4,634,488 |2,256,074 |15.222B |0.50|17.46 |3.79 |May 7, 2025 - May 12, 2025|2.67 (4.03%)|Mar 10, 2025|71.43 
CFG|41.66 |39.50 |35.93 x 1000|36.21 x 800|36.22 - 39.35 |32.06 - 49.25 |6,960,609 |4,414,990 |15.833B |1.10|11.95 |3.03 |Apr 16, 2025|1.68 (4.03%)|Jan 31, 2025|51.22 
ROL|50.73 |50.63 |50.51 x 900|52.23 x 800|50.60 - 51.46 |41.72 - 53.72 |1,345,015 |1,781,874 |24.933B |0.78|53.54 |0.96 |Apr 22, 2025 - Apr 28, 2025|0.66 (1.28%)|Feb 25, 2025|50.11 
EG|361.99 |362.70 |354.20 x 800|390.00 x 800|358.68 - 366.46 |327.37 - 407.30 |324,861 |438,285 |15.599B |0.61|11.43 |31.79 |Apr 30, 2025|8.00 (2.20%)|Mar 17, 2025|404.50 
COO|78.17 |76.72 |68.89 x 200|80.24 x 200|73.33 - 76.83 |73.33 - 112.38 |981,628 |1,896,067 |14.867B |1.01|35.92 |2.07 |May 28, 2025|--|Jul 26, 2023|107.41 
EXPD|110.66 |108.83 |75.00 x 1300|115.00 x 800|107.17 - 111.93 |107.17 - 131.59 |2,114,552 |1,443,233 |15.013B |1.00|19.05 |5.72 |May 6, 2025|1.46 (1.19%)|Dec 2, 2024|115.13 
DECK|100.88 |96.34 |105.25 x 800|106.25 x 1000|93.72 - 108.60 |93.72 - 223.98 |8,406,636 |3,364,254 |16.091B |1.07|17.21 |6.16 |May 21, 2025 - May 26, 2025|--|--|210.75 
STX|71.53 |68.66 |63.13 x 100|66.86 x 2000|63.95 - 68.68 |63.95 - 115.32 |9,249,320 |3,535,917 |14.127B |1.24|12.13 |5.50 |Apr 21, 2025 - Apr 25, 2025|2.88 (4.31%)|Mar 19, 2025|116.88 
BALL|50.50 |49.90 |47.40 x 800|49.47 x 900|48.51 - 50.10 |48.51 - 71.32 |2,741,190 |2,641,556 |13.724B |1.02|35.47 |1.37 |Apr 24, 2025 - Apr 28, 2025|0.80 (1.65%)|Mar 3, 2025|61.90 
ON|40.76 |38.76 |35.49 x 5800|37.40 x 100|35.56 - 39.23 |35.56 - 80.08 |14,872,310 |9,342,891 |14.986B |1.47|9.80 |3.63 |Apr 28, 2025 - May 2, 2025|--|--|60.37 
OMC|80.69 |80.45 |77.86 x 1000|82.45 x 900|79.70 - 81.79 |78.69 - 107.00 |3,743,912 |3,191,050 |15.943B |1.00|10.88 |7.46 |Apr 14, 2025 - Apr 18, 2025|2.80 (3.45%)|Mar 11, 2025|109.63 
TRMB|65.52 |64.69 |61.13 x 100|67.81 x 100|63.76 - 64.97 |48.65 - 77.78 |119,681 |1,578,001 |15.857B |1.57|10.59 |6.09 |May 1, 2025 - May 5, 2025|--|--|87.27 
FSLR|136.23 |134.48 |128.49 x 500|129.23 x 500|125.36 - 134.87 |120.60 - 306.77 |4,605,662 |2,952,646 |13.778B |1.48|10.70 |12.03 |Apr 29, 2025|--|--|240.88 
J|118.48 |115.46 |97.98 x 1100|122.50 x 900|110.89 - 116.13 |110.89 - 150.54 |1,035,831 |895,774 |13.658B |0.73|30.45 |3.66 |May 5, 2025 - May 9, 2025|1.28 (1.15%)|Feb 21, 2025|151.35 
FFIV|250.98 |242.35 |238.97 x 100|239.82 x 100|236.57 - 246.09 |159.01 - 313.00 |713,967 |608,020 |13.793B |1.14|23.81 |10.05 |Apr 28, 2025 - May 2, 2025|--|--|303.60 
AVY|176.34 |173.63 |164.13 x 1000|170.47 x 800|168.77 - 174.91 |168.77 - 233.48 |1,781,062 |726,187 |13.444B |0.86|19.50 |8.73 |Apr 23, 2025|3.52 (2.07%)|Mar 5, 2025|207.27 
GEN|26.00 |24.99 |23.76 x 1100|23.82 x 1100|23.71 - 25.25 |19.58 - 31.72 |5,275,130 |3,860,493 |14.656B |1.00|23.31 |1.02 |May 7, 2025 - May 12, 2025|0.50 (2.10%)|Feb 14, 2025|30.99 
KEY|14.12 |13.60 |13.30 x 1100|13.65 x 1400|12.73 - 13.65 |12.73 - 20.04 |23,354,661 |14,235,370 |14.759B |1.05|-- |-0.32 |Apr 17, 2025|0.82 (6.09%)|Mar 4, 2025|20.01 
CF|77.98 |77.89 |75.94 x 900|--|76.88 - 78.03 |69.13 - 98.25 |1,256,386 |2,703,757 |12.883B |0.98|11.48 |6.74 |May 7, 2025|2.00 (2.58%)|Feb 14, 2025|89.38 
AMCR|9.57 |9.41 |9.20 x 3100|9.20 x 3000|9.10 - 9.39 |8.80 - 11.48 |30,496,874 |23,549,452 |13.34B |0.78|16.78 |0.55 |Apr 28, 2025 - May 2, 2025|0.51 (5.33%)|Feb 26, 2025|11.47 
HOLX|61.69 |61.00 |58.59 x 100|65.63 x 100|60.57 - 63.00 |59.06 - 84.67 |2,962,078 |2,484,218 |13.936B |0.83|19.54 |3.16 |May 1, 2025|--|--|78.03 
BLDR|119.82 |116.14 |117.50 x 800|129.24 x 900|114.70 - 125.82 |114.70 - 206.02 |2,898,604 |1,704,550 |14.084B |1.99|13.68 |9.06 |May 1, 2025|--|--|177.37 
DLTR|67.22 |62.00 |67.46 x 1100|67.72 x 1700|61.87 - 70.74 |60.49 - 131.42 |13,430,033 |4,184,604 |14.529B |0.87|13.99 |4.83 |Jun 3, 2025 - Jun 9, 2025|--|--|82.93 
DOC|20.47 |20.47 |20.61 x 1200|20.63 x 1200|20.45 - 20.73 |17.05 - 23.26 |1,087,876 |4,711,605 |14.436B |1.12|57.40 |0.36 |Apr 23, 2025 - Apr 28, 2025|1.22 (5.96%)|Feb 14, 2025|24.68 
MAS|64.15 |62.14 |59.77 x 800|67.21 x 1100|60.29 - 64.69 |60.29 - 86.70 |4,248,558 |1,822,251 |13.338B |1.24|16.73 |3.76 |Apr 23, 2025|1.24 (1.97%)|Feb 21, 2025|84.19 
EL|58.19 |53.00 |52.73 x 900|52.99 x 1200|51.48 - 55.25 |51.48 - 149.91 |10,233,154 |4,139,759 |19.04B |1.10|-- |-1.94 |May 1, 2025|1.40 (2.65%)|Feb 28, 2025|76.30 
JBL|123.49 |117.97 |116.86 x 800|117.02 x 1000|108.66 - 117.97 |95.85 - 174.80 |3,385,070 |1,432,717 |12.802B |1.12|26.32 |4.44 |Jun 18, 2025 - Jun 23, 2025|0.32 (0.27%)|Feb 18, 2025|171.01 
JKHY|184.60 |183.61 |161.76 x 200|189.57 x 200|172.36 - 185.94 |157.00 - 196.00 |856,877 |658,044 |12.584B |0.72|31.05 |5.56 |May 5, 2025 - May 9, 2025|2.32 (1.26%)|Mar 6, 2025|190.58 
KIM|20.07 |19.84 |19.51 x 1400|19.38 x 800|19.21 - 19.94 |17.57 - 25.83 |12,627,856 |4,924,462 |13.128B |1.25|35.13 |0.55 |May 1, 2025|1.00 (4.98%)|Mar 7, 2025|24.74 
PNR
TPR|65.09 |61.44 |62.95 x 800|67.59 x 800|60.13 - 67.35 |35.23 - 90.85 |11,753,395 |5,800,317 |13.03B |1.39|18.30 |3.44 |May 7, 2025 - May 12, 2025|1.40 (2.22%)|Mar 6, 2025|89.29 
ARE|86.25 |84.50 |80.55 x 800|86.00 x 1100|81.20 - 84.79 |81.20 - 130.14 |2,673,671 |1,331,824 |14.061B |1.27|45.16 |1.80 |Apr 28, 2025|5.28 (6.50%)|Mar 31, 2025|116.54 
UDR|43.70 |42.98 |34.62 x 900|43.03 x 800|40.41 - 43.29 |35.14 - 47.55 |4,180,864 |2,095,956 |15.241B |0.77|155.54 |0.26 |Apr 28, 2025 - May 2, 2025|1.72 (4.25%)|Apr 10, 2025|46.50 
CAG|26.78 |26.70 |26.65 x 900|26.99 x 1000|26.53 - 27.68 |23.06 - 33.24 |11,256,504 |6,240,051 |12.736B |0.27|39.24 |0.68 |Apr 3, 2025|1.40 (5.25%)|Apr 28, 2025|27.45 
IEX|168.68 |165.31 |97.64 x 1000|188.88 x 1000|160.13 - 165.82 |160.13 - 241.97 |1,053,469 |582,345 |12.275B |1.05|24.43 |6.65 |Apr 21, 2025 - Apr 25, 2025|2.76 (1.70%)|Jan 17, 2025|229.92 
CPT|118.89 |117.63 |111.50 x 1100|111.97 x 800|110.27 - 117.63 |94.75 - 127.69 |1,960,211 |979,946 |12.015B |0.81|73.62 |1.50 |May 1, 2025|4.20 (3.80%)|Mar 31, 2025|129.35 
APTV|55.39 |53.07 |50.36 x 1400|54.18 x 1300|50.15 - 53.76 |50.10 - 85.56 |5,973,052 |3,647,775 |12.161B |1.64|7.61 |6.96 |May 1, 2025|--|Feb 4, 2020|80.88 
SJM|118.32 |118.81 |115.33 x 1200|115.34 x 1200|114.97 - 119.05 |98.77 - 125.42 |1,550,735 |1,293,875 |12.255B |0.34|-- |-2.40 |Jun 4, 2025 - Jun 9, 2025|4.32 (3.75%)|Feb 14, 2025|119.56 
LVS|36.41 |35.00 |33.30 x 800|33.70 x 1000|32.74 - 35.16 |32.74 - 56.61 |11,361,328 |5,839,419 |23.58B |0.99|17.03 |1.96 |Apr 15, 2025 - Apr 21, 2025|1.00 (3.00%)|Feb 10, 2025|57.42 
ZBRA|291.02 |292.05 |287.51 x 100|288.45 x 100|285.75 - 292.11 |266.75 - 427.76 |273,951 |576,174 |14.798B |1.68|28.32 |10.17 |Apr 29, 2025|--|--|391.60 
RVTY|100.75 |98.85 |95.38 x 800|100.12 x 800|93.54 - 98.83 |93.54 - 129.50 |2,108,519 |984,569 |11.395B |1.07|41.23 |2.30 |Apr 28, 2025|0.28 (0.30%)|Apr 17, 2025|140.38 
TER|75.09 |71.10 |65.86 x 100|72.60 x 100|67.12 - 72.43 |67.12 - 163.21 |6,664,490 |3,173,153 |11.052B |1.65|20.70 |3.32 |Apr 22, 2025 - Apr 28, 2025|0.48 (0.70%)|Feb 14, 2025|116.90 
TXT|66.87 |64.84 |61.18 x 800|60.72 x 800|60.46 - 64.73 |60.38 - 97.34 |3,236,989 |1,491,008 |11.028B |1.06|13.99 |4.34 |Apr 24, 2025|0.08 (0.13%)|Mar 14, 2025|89.39 
BBY|62.22 |59.26 |58.76 x 800|62.48 x 900|57.35 - 62.26 |57.34 - 103.71 |7,621,234 |3,276,369 |12.775B |1.44|14.12 |4.28 |May 28, 2025 - Jun 2, 2025|3.80 (6.29%)|Mar 25, 2025|88.89 
POOL|313.85 |315.32 |288.75 x 200|319.71 x 100|301.43 - 319.85 |293.51 - 402.45 |604,170 |408,832 |12.054B |1.13|28.28 |11.30 |Apr 23, 2025 - Apr 28, 2025|4.80 (1.53%)|Mar 12, 2025|362.64 
KMX|76.46 |74.24 |74.31 x 1300|77.00 x 1000|72.19 - 77.36 |65.83 - 91.25 |3,266,679 |2,043,624 |11.646B |1.59|25.76 |2.94 |Apr 10, 2025|--|--|90.52 
AKAM|78.78 |77.05 |70.21 x 100|73.89 x 200|73.42 - 77.22 |73.42 - 107.60 |2,558,821 |2,615,561 |10.767B |0.80|22.54 |3.27 |May 7, 2025 - May 12, 2025|--|--|105.04 
WDC|41.78 |38.76 |34.00 x 400|35.77 x 100|34.01 - 38.90 |34.01 - 61.64 |20,997,669 |8,551,369 |11.878B |1.44|9.87 |3.46 |Apr 23, 2025 - Apr 28, 2025|--|Apr 2, 2020|73.62 
REG
JNPR|36.15 |36.25 |35.49 x 1000|36.48 x 1800|35.99 - 36.26 |33.72 - 39.79 |1,140,178 |3,967,147 |12.035B |0.85|42.00 |0.86 |Apr 23, 2025 - Apr 28, 2025|0.88 (2.44%)|Mar 3, 2025|39.89 
FOXA|52.94 |52.81 |53.14 x 600|53.25 x 600|52.55 - 53.28 |29.89 - 58.74 |2,945,799 |3,578,188 |23.229B |0.68|11.42 |4.66 |May 6, 2025 - May 12, 2025|0.54 (1.01%)|Mar 5, 2025|56.66 
CHRW|94.77 |93.50 |85.38 x 200|99.21 x 200|90.87 - 94.23 |65.00 - 114.82 |1,466,825 |1,356,054 |10.752B |0.87|23.56 |3.86 |Apr 29, 2025 - May 5, 2025|2.48 (2.73%)|Mar 7, 2025|114.35 
UHS|163.99 |165.68 |149.24 x 1100|176.51 x 1000|164.69 - 169.77 |152.69 - 243.25 |757,830 |727,600 |10.899B |1.32|9.97 |16.82 |Apr 22, 2025 - Apr 28, 2025|0.80 (0.48%)|Mar 3, 2025|229.88 
ALLE|132.15 |129.52 |--|--|125.67 - 130.81 |113.27 - 156.10 |1,579,518 |998,914 |10.977B |1.02|18.65 |6.82 |Apr 23, 2025 - Apr 28, 2025|2.04 (1.54%)|Mar 14, 2025|142.39 
LKQ|42.18 |41.57 |39.22 x 100|41.34 x 2000|40.65 - 42.00 |35.56 - 52.06 |3,706,073 |2,586,616 |10.676B |1.09|15.70 |2.63 |Apr 24, 2025|1.20 (2.91%)|Mar 13, 2025|52.47 
JBHT|149.72 |148.01 |139.30 x 100|163.73 x 100|147.49 - 152.97 |144.34 - 200.40 |846,574 |1,010,086 |15.279B |1.27|27.48 |5.56 |Apr 15, 2025|1.76 (1.15%)|Feb 7, 2025|180.67 
PNW|95.21 |95.30 |89.63 x 1100|92.86 x 900|90.49 - 95.88 |70.72 - 96.50 |1,787,302 |1,089,303 |10.849B |0.42|17.38 |5.24 |May 1, 2025|3.58 (3.93%)|Feb 3, 2025|95.42 
ALGN|159.21 |157.10 |158.75 x 100|159.52 x 1000|153.97 - 159.88 |153.77 - 331.64 |1,387,582 |1,017,860 |11.717B |1.69|28.27 |5.62 |Apr 30, 2025|--|--|249.30 
TAP|62.46 |61.85 |61.13 x 900|61.55 x 800|60.94 - 63.08 |49.19 - 69.18 |3,779,947 |2,278,019 |12.393B |0.70|11.43 |5.35 |May 8, 2025|1.88 (3.07%)|Feb 27, 2025|66.75 
GL|132.82 |127.23 |128.73 x 900|128.94 x 800|126.02 - 129.97 |38.95 - 133.76 |223,542 |638,095 |10.732B |0.60|10.80 |11.94 |Apr 21, 2025 - Apr 25, 2025|1.08 (0.81%)|Apr 3, 2025|143.00 
ERIE|446.74 |438.19 |416.67 x 200|489.03 x 200|436.54 - 456.93 |345.09 - 547.00 |35,245 |164,432 |23.808B |0.38|39.66 |11.48 |Apr 23, 2025 - Apr 28, 2025|5.46 (1.22%)|Apr 7, 2025|-- 
AIZ|211.52 |212.19 |207.42 x 800|207.89 x 800|207.01 - 211.96 |160.12 - 230.55 |56,413 |436,410 |10.555B |0.61|14.36 |14.47 |May 5, 2025 - May 9, 2025|3.20 (1.51%)|Feb 3, 2025|232.60 
BG|78.20 |76.13 |73.34 x 900|75.13 x 1000|72.56 - 76.50 |67.40 - 114.92 |1,908,766 |1,764,838 |9.806B |0.57|9.16 |7.99 |Apr 22, 2025 - Apr 28, 2025|2.72 (3.72%)|Feb 18, 2025|87.43 
NDSN|186.39 |180.58 |175.99 x 100|177.26 x 100|173.60 - 180.86 |173.36 - 279.38 |683,724 |351,475 |10.058B |0.96|22.46 |7.87 |May 19, 2025 - May 23, 2025|3.12 (1.77%)|Mar 20, 2025|252.06 
PAYC|213.43 |208.35 |192.50 x 900|207.34 x 800|195.64 - 209.10 |139.50 - 242.74 |799,433 |659,724 |11.208B |0.97|22.23 |8.91 |Apr 29, 2025 - May 5, 2025|1.50 (0.76%)|Mar 10, 2025|224.89 
TKO|150.44 |145.06 |144.86 x 1000|145.54 x 800|141.72 - 146.90 |91.38 - 179.09 |654,687 |1,717,609 |11.813B |--|7,242.75 |0.02 |May 6, 2025 - May 12, 2025|1.52 (1.01%)|Mar 14, 2025|170.18 
INCY|62.46 |62.65 |60.50 x 300|60.68 x 400|60.41 - 63.57 |50.35 - 83.95 |3,670,842 |1,856,958 |11.724B |0.90|403.87 |0.15 |Apr 28, 2025 - May 2, 2025|--|--|74.35 
SWK|64.66 |63.00 |63.02 x 800|63.20 x 1000|57.77 - 63.56 |57.77 - 110.88 |7,080,522 |1,987,482 |9.717B |1.14|33.27 |1.89 |Apr 30, 2025|3.28 (5.22%)|Mar 4, 2025|98.90 
NWSA
VTRS|8.16 |8.04 |7.60 x 1800|7.66 x 2600|7.59 - 8.14 |7.59 - 13.55 |19,499,462 |13,493,246 |9.096B |0.91|-- |-0.53 |May 8, 2025|0.48 (6.29%)|Mar 10, 2025|12.16 
SOLV
HST
EMN|88.29 |85.61 |--|89.70 x 800|79.82 - 85.61 |79.82 - 114.50 |1,555,024 |1,095,863 |9.234B |1.40|10.43 |7.67 |Apr 23, 2025 - Apr 28, 2025|3.32 (4.15%)|Mar 14, 2025|114.91 
HRL|31.44 |31.38 |30.74 x 900|30.76 x 800|30.58 - 32.06 |27.59 - 36.86 |4,262,080 |3,141,851 |16.904B |0.31|22.28 |1.38 |May 28, 2025 - Jun 2, 2025|1.16 (3.77%)|Apr 14, 2025|31.43 
IPG
BXP|62.60 |61.22 |56.65 x 1300|63.50 x 800|58.88 - 61.90 |56.46 - 90.11 |2,530,808 |1,394,966 |10.662B |1.08|671.33 |0.09 |Apr 28, 2025 - May 2, 2025|3.92 (6.49%)|Mar 31, 2025|79.63 
SWKS|56.76 |56.13 |52.44 x 1100|53.18 x 1100|52.04 - 56.17 |52.04 - 120.86 |5,963,567 |3,594,691 |8.106B |1.21|16.24 |3.25 |Apr 28, 2025 - May 2, 2025|2.80 (5.31%)|Feb 24, 2025|70.66 
DAY|56.26 |55.15 |50.00 x 800|53.26 x 1000|50.54 - 55.27 |47.08 - 82.69 |3,276,120 |1,959,170 |8.149B |1.20|468.09 |0.11 |Apr 29, 2025 - May 5, 2025|--|--|77.90 
EPAM|155.55 |149.09 |145.23 x 1000|145.91 x 1200|144.00 - 151.10 |144.00 - 275.49 |604,483 |705,813 |8.344B |1.69|18.71 |7.84 |May 7, 2025 - May 12, 2025|--|--|254.92 
MRNA|25.73 |25.29 |25.08 x 2400|25.29 x 2400|23.76 - 25.77 |23.76 - 170.47 |16,029,778 |11,939,527 |9.708B |2.23|-- |-9.28 |Apr 30, 2025 - May 5, 2025|--|--|52.35 
TECH|54.86 |53.01 |51.54 x 1100|51.97 x 1100|50.35 - 53.71 |50.35 - 85.57 |2,893,022 |1,641,316 |8.176B |1.45|52.78 |0.98 |Apr 29, 2025 - May 5, 2025|0.32 (0.62%)|Feb 14, 2025|83.49 
LW|54.15 |59.94 |58.01 x 1100|59.00 x 1300|57.50 - 60.92 |47.90 - 89.51 |10,394,740 |2,837,629 |8.406B |--|23.36 |2.55 |Apr 3, 2025|1.48 (2.48%)|May 2, 2025|67.22 
AES|11.90 |11.45 |10.71 x 2200|10.93 x 3200|10.52 - 11.43 |9.88 - 22.21 |19,552,791 |15,550,443 |7.674B |0.80|4.55 |2.37 |May 1, 2025|0.70 (6.46%)|May 1, 2025|15.02 
HSIC|66.59 |65.38 |64.97 x 800|65.65 x 800|63.00 - 66.36 |63.00 - 82.49 |2,326,045 |1,899,685 |8.13B |0.85|21.47 |3.05 |May 5, 2025 - May 9, 2025|--|--|79.38 
MOS|25.96 |24.97 |23.52 x 1300|23.42 x 1200|22.69 - 25.00 |22.48 - 33.44 |10,126,767 |5,816,982 |7.432B |1.05|42.64 |0.55 |Apr 29, 2025 - May 5, 2025|0.88 (3.75%)|Jun 5, 2025|32.51 
MKTX|216.15 |227.35 |212.55 x 100|213.16 x 100|212.27 - 229.84 |186.84 - 296.68 |1,468,926 |683,596 |8.026B |1.12|29.25 |7.28 |May 5, 2025 - May 9, 2025|3.04 (1.43%)|Feb 19, 2025|234.33 
RL|197.89 |186.76 |187.34 x 1400|199.46 x 1200|181.24 - 205.84 |155.96 - 289.33 |3,060,778 |962,634 |12.206B |1.39|18.03 |10.96 |May 21, 2025 - May 26, 2025|3.30 (1.67%)|Mar 28, 2025|292.48 
WBA|11.18 |11.08 |10.51 x 100|11.26 x 1300|10.94 - 11.14 |8.08 - 19.48 |19,069,872 |25,511,158 |9.564B |0.64|-- |-10.24 |Apr 8, 2025|1.00 (8.94%)|Nov 18, 2024|12.29 
ALB|66.50 |63.24 |58.24 x 900|58.33 x 1000|57.53 - 64.98 |57.53 - 137.50 |5,681,755 |2,555,895 |6.885B |1.60|-- |-11.20 |Apr 30, 2025|1.62 (2.44%)|Mar 14, 2025|101.31 
HII|199.22 |194.14 |186.84 x 1000|197.80 x 900|184.60 - 195.93 |158.88 - 287.56 |855,831 |774,132 |7.257B |0.33|13.25 |13.96 |Apr 30, 2025 - May 5, 2025|5.40 (2.92%)|Feb 28, 2025|205.68 
CPB|39.82 |39.92 |36.76 x 100|40.76 x 100|38.62 - 40.44 |36.92 - 52.81 |5,058,090 |3,431,975 |11.566B |0.18|22.42 |1.73 |Jun 3, 2025 - Jun 9, 2025|1.56 (3.92%)|Apr 3, 2025|43.18 
ENPH|58.77 |56.50 |57.07 x 800|57.40 x 1600|53.52 - 57.79 |51.63 - 141.63 |4,370,205 |4,096,741 |7.587B |1.94|76.36 |0.75 |Apr 21, 2025 - Apr 25, 2025|--|--|79.21 
AOS|65.60 |65.01 |65.42 x 900|65.45 x 800|64.92 - 65.74 |64.55 - 92.45 |198,985 |1,435,425 |9.431B |1.18|18.10 |3.63 |Apr 29, 2025|1.36 (2.07%)|Jan 31, 2025|76.01 
MTCH|30.18 |29.36 |28.68 x 900|28.77 x 500|28.71 - 30.20 |27.66 - 38.84 |10,590,626 |5,234,975 |7.197B |1.38|14.23 |2.02 |May 5, 2025 - May 9, 2025|0.76 (2.65%)|Apr 3, 2025|36.44 
HAS|54.99 |52.84 |53.87 x 100|54.07 x 300|51.12 - 54.49 |51.12 - 73.46 |3,034,524 |1,724,501 |7.561B |0.50|19.62 |2.75 |Apr 24, 2025|2.80 (5.19%)|Mar 3, 2025|79.09 
CRL|158.25 |158.27 |158.65 x 1100|158.61 x 1800|156.11 - 159.08 |150.79 - 273.32 |484,504 |1,156,732 |8.083B |1.45|752.67 |0.21 |May 7, 2025 - May 12, 2025|--|--|183.23 
NCLH|19.50 |18.18 |16.34 x 1200|16.34 x 900|16.24 - 18.28 |14.69 - 29.29 |28,591,588 |12,034,785 |7.176B |2.27|8.63 |1.89 |Apr 29, 2025 - May 5, 2025|--|--|29.87 
FRT|92.68 |91.98 |88.00 x 1000|99.01 x 800|88.71 - 92.05 |88.71 - 118.34 |1,325,912 |795,714 |7.696B |1.10|26.05 |3.42 |May 8, 2025|4.40 (4.94%)|Apr 1, 2025|117.94 
GNRC|115.64 |112.00 |106.82 x 900|112.85 x 800|105.41 - 113.17 |105.41 - 195.94 |1,749,839 |874,517 |6.668B |1.58|20.75 |5.39 |Apr 28, 2025 - May 2, 2025|--|Jun 10, 2013|173.20 
PARA|11.48 |11.29 |10.96 x 5400|11.16 x 5400|10.86 - 11.33 |9.54 - 14.54 |11,907,630 |9,451,667 |7.891B |1.33|-- |-9.36 |Apr 28, 2025 - May 2, 2025|0.20 (1.81%)|Mar 17, 2025|12.81 
DVA|153.73 |151.18 |149.96 x 1000|150.26 x 1000|148.20 - 154.72 |125.64 - 179.60 |860,654 |898,591 |11.977B |1.04|13.95 |10.73 |Apr 30, 2025 - May 5, 2025|--|--|164.57 
APA|21.24 |19.76 |17.11 x 100|18.62 x 100|17.67 - 19.78 |17.66 - 36.05 |12,258,977 |7,781,911 |6.458B |2.74|7.81 |2.27 |Apr 29, 2025 - May 5, 2025|1.00 (4.71%)|Apr 22, 2025|27.45 
WYNN|72.88 |68.86 |69.93 x 700|70.19 x 700|66.20 - 71.27 |66.20 - 108.50 |7,910,097 |2,705,330 |7.441B |1.53|16.11 |4.35 |May 5, 2025 - May 9, 2025|1.00 (1.43%)|Feb 24, 2025|113.11 
FOX|47.90 |46.86 |45.67 x 300|45.77 x 500|45.56 - 48.07 |27.62 - 55.00 |1,452,309 |1,266,379 |21.608B |0.52|9.81 |4.66 |May 6, 2025 - May 12, 2025|0.54 (1.18%)|Mar 5, 2025|-- 
MGM|27.90 |26.88 |26.58 x 1300|27.25 x 1000|25.61 - 27.58 |25.61 - 47.26 |11,273,545 |5,622,998 |7.67B |1.96|11.19 |2.40 |Apr 30, 2025|--|Dec 8, 2022|49.04 
IVZ|15.69 |14.71 |14.70 x 1400|14.67 x 1400|14.31 - 14.79 |14.16 - 19.55 |557,992 |4,822,810 |6.417B |1.24|12.14 |1.18 |Apr 22, 2025|0.82 (5.23%)|Feb 14, 2025|18.81 
BF.B
MHK|118.17 |118.01 |38.76 x 800|121.00 x 800|114.11 - 118.24 |104.88 - 164.29 |665,390 |726,753 |7.323B |1.45|14.37 |8.14 |Apr 23, 2025 - Apr 28, 2025|--|--|144.13 
BEN|17.95 |17.68 |17.20 x 800|17.88 x 900|17.19 - 18.24 |17.19 - 27.55 |11,096,998 |4,409,119 |9.2B |1.39|27.36 |0.64 |May 2, 2025|1.28 (7.31%)|Mar 31, 2025|20.59 
CZR|23.77 |22.53 |21.65 x 200|25.17 x 200|21.40 - 23.64 |21.40 - 45.93 |10,197,099 |5,407,783 |4.914B |2.67|-- |-1.29 |Apr 29, 2025|--|--|48.13 
NWS|30.37 |30.13 |30.23 x 300|32.02 x 100|29.88 - 30.83 |23.99 - 35.25 |918,971 |867,041 |15.918B |1.36|40.37 |0.75 |May 6, 2025 - May 12, 2025|0.20 (0.66%)|Mar 12, 2025|26.50 
